Brand,Name,Price,Image,Link
Oppo,"Oppo A17 6.56"" 4 - 64 Gb Bleu -5000 mAh - Garantie 1 An",562.0,https://tn.jumia.is/unsafe/fit-in/300x300/filters:fill(white)/product/66/7086/1.jpg?8445,https://www.jumia.com.tn/smartphones//oppo-a17-6.56-4-64-gb-bleu-5000-mah-garantie-1-an-680766.html
Itel,"Itel P38 - 6.52"" - 2Go - 32Go - 6.5"" -5000mAH + Pochette et Anticasse - Blue - Garantie 1 An",283.0,https://tn.jumia.is/unsafe/fit-in/300x300/filters:fill(white)/product/68/0147/1.jpg?5986,https://www.jumia.com.tn/smartphones//itel-p38-6.52-2go-32go-6.5-5000mah-pochette-et-anticasse-blue-garantie-1-an-741086.html
Smart,"Smart E1 - 6.1"" - 2Go - 16Go - Bleu - Garantie 1 an",239.0,https://tn.jumia.is/unsafe/fit-in/300x300/filters:fill(white)/product/30/9766/1.jpg?2990,https://www.jumia.com.tn/smartphones//smart-e1-6.1-2go-16go-bleu-garantie-1-an-667903.html
Samsung,"Samsung Galaxy A03 Core 6,5"" HD+ 2- 32 Go - Bronze - Garantie 1 an",406.0,https://tn.jumia.is/unsafe/fit-in/300x300/filters:fill(white)/product/33/7717/1.jpg?8167,https://www.jumia.com.tn/smartphones//samsung-galaxy-a03-core-65-hd-2-32-go-bronze-garantie-1-an-717733.html
Samsung,Samsung Galaxy A04 4 - 64 Go - blanc- Garantie 1 an,571.0,https://tn.jumia.is/unsafe/fit-in/300x300/filters:fill(white)/product/33/6707/1.jpg?4222,https://www.jumia.com.tn/smartphones//samsung-galaxy-a04-4-64-go-blanc-garantie-1-an-707633.html
Nokia,"Nokia C1 2nd Edition - 5.45"" - 1Go - 16 Go - Bleu Garanti 1an -",182.0,https://tn.jumia.is/unsafe/fit-in/300x300/filters:fill(white)/product/02/8644/1.jpg?7264,https://www.jumia.com.tn/smartphones//nokia-c1-2nd-edition-5.45-1go-16-go-bleu-garanti-1an-446820.html
XIAOMI,"XIAOMI Redmi Note 12 - 6,67"" Amoled 120hz - 6 Go -128 Go - Vert Menthe - Garantie 1 an",783.0,https://tn.jumia.is/unsafe/fit-in/300x300/filters:fill(white)/product/76/5937/1.jpg?6576,https://www.jumia.com.tn/smartphones//xiaomi-redmi-note-12-667-amoled-120hz-6-go-128-go-vert-menthe-garantie-1-an-739567.html
Nokia,"Nokia C1 2nd Edition - 5.45"" - 1Go - 16 Go - Purple - Garantie 1 an",191.9,https://tn.jumia.is/unsafe/fit-in/300x300/filters:fill(white)/product/62/8644/1.jpg?8626,https://www.jumia.com.tn/smartphones//nokia-c1-2nd-edition-5.45-1go-16-go-purple-garantie-1-an-446826.html
Infinix,"Infinix SMART 6 PLUS - 6,82"" - 4G/DS - 2/64 GB - X6823 - Miracle Black",399.0,https://tn.jumia.is/unsafe/fit-in/300x300/filters:fill(white)/product/39/0617/1.jpg?9067,https://www.jumia.com.tn/smartphones//infinix-smart-6-plus-682-4gds-264-gb-x6823-miracle-black-716093.html
Samsung,"Samsung Galaxy A14 - 6.6"" - 7Gb Ram(3+4) - 128 GB - 5000mAh - Silver - 1an Garantie",761.0,https://tn.jumia.is/unsafe/fit-in/300x300/filters:fill(white)/product/75/8827/1.jpg?7988,https://www.jumia.com.tn/smartphones//samsung-galaxy-a14-6.6-7gb-ram34-128-gb-5000mah-silver-1an-garantie-728857.html
Infinix,"Infinix SMART 6 PLUS - 6,82"" - 4G/DS - 2/64 GB - X6823 - Tranquil Sea Blue",399.0,https://tn.jumia.is/unsafe/fit-in/300x300/filters:fill(white)/product/29/0617/1.jpg?9067,https://www.jumia.com.tn/smartphones//infinix-smart-6-plus-682-4gds-264-gb-x6823-tranquil-sea-blue-716092.html
Samsung,"Samsung Galaxy A03 Core - 6.5"" - 2Go -32Go +Anticasse - Bronze - Garantie 1an",379.0,https://tn.jumia.is/unsafe/fit-in/300x300/filters:fill(white)/product/26/3696/1.jpg?4717,https://www.jumia.com.tn/smartphones//samsung-galaxy-a03-core-6.5-2go-32go-anticasse-bronze-garantie-1an-696362.html
Infinix,"Infinix Smart 7 - 6,6"" - 4GB (Up to 7GB) - 64 GB - Polar Black - Garantie 1 an",419.0,https://tn.jumia.is/unsafe/fit-in/300x300/filters:fill(white)/product/78/1617/1.jpg?8848,https://www.jumia.com.tn/smartphones//infinix-smart-7-66-4gb-up-to-7gb-64-gb-polar-black-garantie-1-an-716187.html
XIAOMI,XIAOMI Redmi Note 11S - 8Go - 128Go - 108MP - Bleu - Garantie 1 an,979.0,https://tn.jumia.is/unsafe/fit-in/300x300/filters:fill(white)/product/92/5446/1.jpg?3268,https://www.jumia.com.tn/smartphones//xiaomi-redmi-note-11s-8go-128go-108mp-bleu-garantie-1-an-644529.html
Infinix,"Infinix Smart 7 - 6,6"" - 7GB (4+3) Ram - 64 GB - Noir- Garantie 1 an",397.0,https://tn.jumia.is/unsafe/fit-in/300x300/filters:fill(white)/product/96/0817/1.jpg?1548,https://www.jumia.com.tn/smartphones//infinix-smart-7-66-7gb-43-ram-64-gb-noir-garantie-1-an-718069.html
Infinix,"Infinix Hot 20i - 6,6"" HD+ IPS - 4GO - 128GO + Anticasse - Black - Garantie 1 an",479.0,https://tn.jumia.is/unsafe/fit-in/300x300/filters:fill(white)/product/78/3307/1.jpg?5808,https://www.jumia.com.tn/smartphones//infinix-hot-20i-66-hd-ips-4go-128go-anticasse-black-garantie-1-an-703387.html
Infinix,"Infinix SMART 6 PLUS - 6,82"" - 4G/DS - 2/64 GB - X6823 - Crystal Violet",399.0,https://tn.jumia.is/unsafe/fit-in/300x300/filters:fill(white)/product/49/0617/1.jpg?9067,https://www.jumia.com.tn/smartphones//infinix-smart-6-plus-682-4gds-264-gb-x6823-crystal-violet-716094.html
XIAOMI,XIAOMI Redmi A1+ - 2 Go - 32  Go - Noir,335.0,https://tn.jumia.is/unsafe/fit-in/300x300/filters:fill(white)/product/08/1107/1.jpg?1969,https://www.jumia.com.tn/smartphones//xiaomi-redmi-a1-2-go-32-go-noir-701180.html
Evertek,"Evertek M20 Nano - 4"" - 1G - 8G - Tifanny Blue - Garantie 1 An",169.0,https://tn.jumia.is/unsafe/fit-in/300x300/filters:fill(white)/product/24/1727/1.jpg?4089,https://www.jumia.com.tn/smartphones//evertek-m20-nano-4-1g-8g-tifanny-blue-garantie-1-an-727142.html
Samsung,"Samsung Galaxy A04S - 6.5"" - 4Go - 64Go - NOIR - Garantie 1 an",553.0,https://tn.jumia.is/unsafe/fit-in/300x300/filters:fill(white)/product/90/9937/1.jpg?7507,https://www.jumia.com.tn/smartphones//samsung-galaxy-a04s-6.5-4go-64go-noir-garantie-1-an-739909.html
Infinix,"Infinix Hot 20S - 6.78"" - 120Hz - 50Mp- 13Go Ram -128 Go et Pochette+ Anticasse- Blanc Garantie 1An",685.0,https://tn.jumia.is/unsafe/fit-in/300x300/filters:fill(white)/product/98/3307/1.jpg?5807,https://www.jumia.com.tn/smartphones//infinix-hot-20s-6.78-120hz-50mp-13go-ram-128-go-et-pochette-anticasse-blanc-garantie-1an-703389.html
Infinix,"Infinix SMART 6 HD - 6.6"" - 4G/DS - 2/32 GB - X6512 - Force Black",369.0,https://tn.jumia.is/unsafe/fit-in/300x300/filters:fill(white)/product/59/0617/1.jpg?9966,https://www.jumia.com.tn/smartphones//infinix-smart-6-hd-6.6-4gds-232-gb-x6512-force-black-716095.html
XIAOMI,XIAOMI Redmi A1+ - 2Go Ram - 32Go Rom -  Blue - Garantie 1 an,335.0,https://tn.jumia.is/unsafe/fit-in/300x300/filters:fill(white)/product/66/2347/1.jpg?3550,https://www.jumia.com.tn/smartphones//xiaomi-redmi-a1-2go-ram-32go-rom-blue-garantie-1-an-743266.html
Evertek,"Evertek M20 Nano - 4"" - 1G - 8G - Noir - Garantie 1 An",169.0,https://tn.jumia.is/unsafe/fit-in/300x300/filters:fill(white)/product/34/1727/1.jpg?4089,https://www.jumia.com.tn/smartphones//evertek-m20-nano-4-1g-8g-noir-garantie-1-an-727143.html
XIAOMI,"XIAOMI Redmi A1+ - 6.52"" - 2 Go - 32  Go - Vert- Garantie 1 an",335.0,https://tn.jumia.is/unsafe/fit-in/300x300/filters:fill(white)/product/19/3066/1.jpg?6862,https://www.jumia.com.tn/smartphones//redmi-a1-6.52-2-go-32-go-vert-garantie-1-an-xiaomi-mpg33894.html
Infinix,"Infinix Smart 7 - 6,6"" - 7GB (4+3) Ram - 64 GB - White - Garantie 1 an",409.0,https://tn.jumia.is/unsafe/fit-in/300x300/filters:fill(white)/product/76/0817/1.jpg?1548,https://www.jumia.com.tn/smartphones//infinix-smart-7-66-7gb-43-ram-64-gb-white-garantie-1-an-718067.html
Infinix,"Infinix HOT 20 - 6,82"" -50MP - 90Hz - 7gb Ram -128GB + Anticasse et Pochette - Blanc- Garantie 1An",581.0,https://tn.jumia.is/unsafe/fit-in/300x300/filters:fill(white)/product/97/0117/1.jpg?0786,https://www.jumia.com.tn/smartphones//infinix-hot-20-682-50mp-90hz-7gb-ram-128gb-anticasse-et-pochette-blanc-garantie-1an-711079.html
XIAOMI,XIAOMI SMARTPHONE REDMI NOTE 12 - 4GO - 128GO -GRIS -Garantie 1 an,754.0,https://tn.jumia.is/unsafe/fit-in/300x300/filters:fill(white)/product/87/6837/1.jpg?1468,https://www.jumia.com.tn/smartphones//xiaomi-smartphone-redmi-note-12-4go-128go-gris-garantie-1-an-738678.html
Apple,"Apple iPhone 14 Pro Max - 6,7"" - 512 GB - Space Black - Garantie 12 mois",9883.3,https://tn.jumia.is/unsafe/fit-in/300x300/filters:fill(white)/product/66/6296/1.jpg?3143,https://www.jumia.com.tn/smartphones//apple-iphone-14-pro-max-67-512-gb-space-black-garantie-12-mois-692666.html
Infinix,"Infinix Smart 6 HD - 6.6"" - 2 Go - 32 Go et Pochette + Anticasse - Black - Garantie 1 an",359.0,https://tn.jumia.is/unsafe/fit-in/300x300/filters:fill(white)/product/85/3556/1.jpg?4809,https://www.jumia.com.tn/smartphones//infinix-smart-6-hd-6.6-2-go-32-go-et-pochette-anticasse-black-garantie-1-an-655358.html
Infinix,"Infinix Hot 20S -6.78""- 8Go -128Go - Noir - Garantie 1an",685.0,https://tn.jumia.is/unsafe/fit-in/300x300/filters:fill(white)/product/82/2007/1.jpg?2275,https://www.jumia.com.tn/smartphones//infinix-hot-20s-6.78-8go-128go-noir-garantie-1an-700228.html
XIAOMI,"XIAOMI Redmi 12C - 6.71"" - 3Go - 128 Go - Grey - Garantie 1 an",499.0,https://tn.jumia.is/unsafe/fit-in/300x300/filters:fill(white)/product/29/0827/1.jpg?4854,https://www.jumia.com.tn/smartphones//xiaomi-redmi-12c-6.71-3go-128-go-grey-garantie-1-an-728092.html
Smart,"Smart M30 - 6.3""- 2Go-32Go - Bleu Foncé - Garantie 1 an",278.0,https://tn.jumia.is/unsafe/fit-in/300x300/filters:fill(white)/product/82/8427/1.jpg?6969,https://www.jumia.com.tn/smartphones//smart-m30-6.3-2go-32go-bleu-fonce-garantie-1-an-724828.html
Infinix,"Infinix HOT 20 - 6,82"" -50MP - 90Hz - 11gb Ram -128GB + Anticasse et Pochette - Bleu - Garantie 1An",666.0,https://tn.jumia.is/unsafe/fit-in/300x300/filters:fill(white)/product/39/3307/1.jpg?5808,https://www.jumia.com.tn/smartphones//infinix-hot-20-682-50mp-90hz-11gb-ram-128gb-anticasse-et-pochette-bleu-garantie-1an-703393.html
Infinix,"Infinix Smart 7 - 6.62"" - 4 Go - 64 Go - Noir - Garantie 1 an",399.0,https://tn.jumia.is/unsafe/fit-in/300x300/filters:fill(white)/product/44/2717/1.jpg?5129,https://www.jumia.com.tn/smartphones//infinix-smart-7-6.62-4-go-64-go-noir-garantie-1-an-717244.html
XIAOMI,XIAOMI Redmi Note 11S - 8Go - 128Go - 108MP - Gris - Garantie 1 an,1049.0,https://tn.jumia.is/unsafe/fit-in/300x300/filters:fill(white)/product/03/5446/1.jpg?7848,https://www.jumia.com.tn/smartphones//xiaomi-redmi-note-11s-8go-128go-108mp-gris-garantie-1-an-644530.html
Infinix,"Infinix Hot 20i - 6,6"" HD+ IPS - 4GO - 128GO  + Anticasse - Luna Blue - Garantie 1 an",479.0,https://tn.jumia.is/unsafe/fit-in/300x300/filters:fill(white)/product/01/3307/1.jpg?3165,https://www.jumia.com.tn/smartphones//infinix-hot-20i-66-hd-ips-4go-128go-anticasse-luna-blue-garantie-1-an-703310.html
Iku,"Iku A4 - 5.5"" - 1Go - 16Go - Blue - Garantie 1 an",199.0,https://tn.jumia.is/unsafe/fit-in/300x300/filters:fill(white)/product/11/1096/1.jpg?7267,https://www.jumia.com.tn/smartphones//iku-a4-5.5-1go-16go-blue-garantie-1-an-690111.html
Infinix,"Infinix Smart 6 HD - 6.6"" - 2 Go - 32 Go et Pochette + Anticasse - Akua sky - Garantie 1 an",359.0,https://tn.jumia.is/unsafe/fit-in/300x300/filters:fill(white)/product/05/6956/1.jpg?2445,https://www.jumia.com.tn/smartphones//smart-6-hd-6.6-2-go-32-go-et-pochette-anticasse-akua-sky-garantie-1-an-infinix-mpg33906.html
XIAOMI,"XIAOMI Redmi 10C - 6.71""- 4Go - 64Go - Bleu - Garantie 1 an",575.0,https://tn.jumia.is/unsafe/fit-in/300x300/filters:fill(white)/product/02/9876/1.jpg?9216,https://www.jumia.com.tn/smartphones//xiaomi-redmi-10c-6.71-4go-64go-bleu-garantie-1-an-678920.html
Infinix,"Infinix SMART 6 HD - 6.6"" - 4G/DS - 2/32 GB - X6512 - AQUA SKY",369.0,https://tn.jumia.is/unsafe/fit-in/300x300/filters:fill(white)/product/79/0617/1.jpg?9966,https://www.jumia.com.tn/smartphones//infinix-smart-6-hd-6.6-4gds-232-gb-x6512-aqua-sky-716097.html
Infinix,"Infinix SMART 6 HD - 6.6"" - 4G/DS - 2/32 GB - X6512 - ORIGIN Blue",369.0,https://tn.jumia.is/unsafe/fit-in/300x300/filters:fill(white)/product/69/0617/1.jpg?9966,https://www.jumia.com.tn/smartphones//infinix-smart-6-hd-6.6-4gds-232-gb-x6512-origin-blue-716096.html
Infinix,"Infinix Hot 20i - 6,6"" HD+ IPS - 4GO - 128GO  + Anticasse - Vert - Garantie 1 an",479.0,https://tn.jumia.is/unsafe/fit-in/300x300/filters:fill(white)/product/21/8427/1.jpg?5074,https://www.jumia.com.tn/smartphones//infinix-hot-20i-66-hd-ips-4go-128go-anticasse-vert-garantie-1-an-724812.html
Smart,"Smart E1 - 6.1"" - 2Go - 16Go - Vert  - Garantie 1 an",239.0,https://tn.jumia.is/unsafe/fit-in/300x300/filters:fill(white)/product/50/9766/1.jpg?2990,https://www.jumia.com.tn/smartphones//smart-e1-6.1-2go-16go-vert-garantie-1-an-667905.html
Infinix,"Infinix Hot 20S - 6.78"" - 120Hz - 50Mp- 13Go Ram -128 Go et Pochette+ Anticasse- Bleu -Garantie 1An",699.0,https://tn.jumia.is/unsafe/fit-in/300x300/filters:fill(white)/product/21/3307/1.jpg?2206,https://www.jumia.com.tn/smartphones//infinix-hot-20s-6.78-120hz-50mp-13go-ram-128-go-et-pochette-anticasse-bleu-garantie-1an-703312.html
Infinix,"Infinix Hot 20i - 6,6"" HD+ IPS - 4GO - 128GO  Sunset Gold + Anticasse Gratuite - Garantie 1 an",465.0,https://tn.jumia.is/unsafe/fit-in/300x300/filters:fill(white)/product/11/3307/1.jpg?0070,https://www.jumia.com.tn/smartphones//infinix-hot-20i-66-hd-ips-4go-128go-sunset-gold-anticasse-gratuite-garantie-1-an-703311.html
Infinix,"Infinix Smart 7 - 6,6"" - 4GB (Up to 7GB) - 64 GB - Iceland White - Garantie 1 an",419.0,https://tn.jumia.is/unsafe/fit-in/300x300/filters:fill(white)/product/68/1617/1.jpg?8848,https://www.jumia.com.tn/smartphones//infinix-smart-7-66-4gb-up-to-7gb-64-gb-iceland-white-garantie-1-an-716186.html
Infinix,"Infinix Smart 7 - 6,6"" - 4GB (Up to 7GB) - 64 GB - Peacock Blue - Garantie 1 an",406.0,https://tn.jumia.is/unsafe/fit-in/300x300/filters:fill(white)/product/88/1617/1.jpg?8847,https://www.jumia.com.tn/smartphones//infinix-smart-7-66-4gb-up-to-7gb-64-gb-peacock-blue-garantie-1-an-716188.html
XIAOMI,"XIAOMI Redmi 10C - 6.71""- 4Go - 64GB- Vert- Garantie 1 an",649.0,https://tn.jumia.is/unsafe/fit-in/300x300/filters:fill(white)/product/06/3696/1.jpg?5806,https://www.jumia.com.tn/smartphones//xiaomi-redmi-10c-6.71-4go-64gb-vert-garantie-1-an-696360.html
XIAOMI,XIAOMI Redmi Note 11 - 6G - 128G - Gris - Garantie 1 an,839.0,https://tn.jumia.is/unsafe/fit-in/300x300/filters:fill(white)/product/60/7956/1.jpg?8311,https://www.jumia.com.tn/smartphones//xiaomi-redmi-note-11-6g-128g-gris-garantie-1-an-659706.html
Benco,"Benco AH9110 - Y11 3G/DS - 5"" - 1GB + 32 GB - PURLISH BLUEER",189.0,https://tn.jumia.is/unsafe/fit-in/300x300/filters:fill(white)/product/46/6937/1.jpg?9588,https://www.jumia.com.tn/smartphones//benco-ah9110-y11-3gds-5-1gb-32-gb-purlish-blueer-739664.html
Apple,"Apple iPhone 14 Pro - 6,1"" -  6G - 128 GB - Deep Purple   - Garantie 1AN",6490.0,https://tn.jumia.is/unsafe/fit-in/300x300/filters:fill(white)/product/82/3937/1.jpg?5968,https://www.jumia.com.tn/smartphones//apple-iphone-14-pro-61-6g-128-gb-deep-purple-garantie-1an-739328.html
Redmi,Redmi Note 11 - 4G - 128G - Gris - Garantie 1 an,729.0,https://tn.jumia.is/unsafe/fit-in/300x300/filters:fill(white)/product/25/5466/1.jpg?1076,https://www.jumia.com.tn/smartphones//redmi-note-11-4g-128g-gris-garantie-1-an-664552.html
Inkax,Inkax T03 - Bluetooth Écouteurs sans Fil True Wireless Bluetooth-Blanc,62.5,https://tn.jumia.is/unsafe/fit-in/300x300/filters:fill(white)/product/64/5396/1.jpg?4798,https://www.jumia.com.tn/smartphones//inkax-t03-bluetooth-ecouteurs-sans-fil-true-wireless-bluetooth-blanc-693546.html
Smart,"Smart E2 - 6.55"" - 2Go - 32Go - Noir - Garantie 1 an",299.0,https://tn.jumia.is/unsafe/fit-in/300x300/filters:fill(white)/product/01/9766/1.jpg?2989,https://www.jumia.com.tn/smartphones//smart-e2-6.55-2go-32go-noir-garantie-1-an-667910.html
Tecno,"Tecno Spark Go 2023 -6.56""- 4Go -64Go - Bleu  - Garantie 1an",379.0,https://tn.jumia.is/unsafe/fit-in/300x300/filters:fill(white)/product/23/9237/1.jpg?2891,https://www.jumia.com.tn/smartphones//tecno-spark-go-2023-6.56-4go-64go-bleu-garantie-1an-732932.html
Apple,"Apple iPhone 14 Pro Max - 6,7"" - 512 GB - Silver - Garantie 12 mois",9883.3,https://tn.jumia.is/unsafe/fit-in/300x300/filters:fill(white)/product/76/6296/1.jpg?3193,https://www.jumia.com.tn/smartphones//apple-iphone-14-pro-max-67-512-gb-silver-garantie-12-mois-692667.html
Apple,"Apple iPhone 11 - 6.1""- 64 Go - Noir - Garantie 1 an +  Apple Earpods Offertes",2898.0,https://tn.jumia.is/unsafe/fit-in/300x300/filters:fill(white)/product/79/5106/1.jpg?1749,https://www.jumia.com.tn/smartphones//apple-iphone-11-6.1-64-go-noir-garantie-1-an-apple-earpods-offertes-601597.html
Samsung,"Samsung Galaxy A24 6.5"" Amoled 90Hz 6GO 128GO - Noir - Garantie 1an",1069.0,https://tn.jumia.is/unsafe/fit-in/300x300/filters:fill(white)/product/85/9447/1.jpg?8008,https://www.jumia.com.tn/smartphones//samsung-galaxy-a24-6.5-amoled-90hz-6go-128go-noir-garantie-1an-744958.html
XIAOMI,"XIAOMI Redmi 10C - 6.71""- 4Go - 64Go - Vert - Garantie 1 an",569.0,https://tn.jumia.is/unsafe/fit-in/300x300/filters:fill(white)/product/97/0576/1.jpg?4287,https://www.jumia.com.tn/smartphones//redmi-10c-6.71-4go-64go-bleu-garantie-1-an-xiaomi-mpg33911.html
Infinix,"Infinix HOT 20 - 6,82"" - 4G/DS - 6/128 GB - X6826 - Sonic Black",679.0,https://tn.jumia.is/unsafe/fit-in/300x300/filters:fill(white)/product/74/0307/1.jpg?8546,https://www.jumia.com.tn/smartphones//infinix-hot-20-682-4gds-6128-gb-x6826-sonic-black-703047.html
Infinix,"Infinix Smart 7 - 6,6"" - 7GB (4+3) Ram - 64 GB - Peacock Blue - Garantie 1 an",409.0,https://tn.jumia.is/unsafe/fit-in/300x300/filters:fill(white)/product/56/0817/1.jpg?1547,https://www.jumia.com.tn/smartphones//infinix-smart-7-66-7gb-43-ram-64-gb-peacock-blue-garantie-1-an-718065.html
Samsung,"Samsung Galaxy A04e 6.5"" HD+ 3G+4G Ram Plus 64G - Copper - Garantie 1 an",479.0,https://tn.jumia.is/unsafe/fit-in/300x300/filters:fill(white)/product/75/8427/1.jpg?7589,https://www.jumia.com.tn/smartphones//samsung-galaxy-a04e-6.5-hd-3g4g-ram-plus-64g-copper-garantie-1-an-724857.html
Itel,Itel A18 - 3G - DS - 1Gb- 32G Et Pochette + Anticasse - Blue - Garantie 1an,189.0,https://tn.jumia.is/unsafe/fit-in/300x300/filters:fill(white)/product/85/6207/1.jpg?5806,https://www.jumia.com.tn/smartphones//itel-a18-3g-ds-1gb-32g-et-pochette-anticasse-blue-garantie-1an-702658.html
Smart,Smart M20 2Go- 64Go - Vert - Garantie 1 an,309.0,https://tn.jumia.is/unsafe/fit-in/300x300/filters:fill(white)/product/13/0527/1.jpg?1211,https://www.jumia.com.tn/smartphones//smart-m20-2go-64go-vert-garantie-1-an-725031.html
XIAOMI,"XIAOMI Redmi 10 2022 - 6.5""- 50MP Camera - 6Go - 128Go et Pochette + Anticasse - Carbon Gray - Garantie 1an",879.0,https://tn.jumia.is/unsafe/fit-in/300x300/filters:fill(white)/product/94/4007/1.jpg?3188,https://www.jumia.com.tn/smartphones//xiaomi-redmi-10-2022-6.5-50mp-camera-6go-128go-et-pochette-anticasse-carbon-gray-garantie-1an-700449.html
Samsung,"Samsung A34 - 6.6 "" -  8Go - 128GB - Awesome Silver - 1 an Garantie",1599.0,https://tn.jumia.is/unsafe/fit-in/300x300/filters:fill(white)/product/03/6147/1.jpg?6086,https://www.jumia.com.tn/smartphones//samsung-a34-6.6-8go-128gb-awesome-silver-1-an-garantie-741630.html
Oppo,"Oppo A17k 6.56"" 3 - 64 Gb  Bleu -5000 mAh - Garantie 1 An",487.0,https://tn.jumia.is/unsafe/fit-in/300x300/filters:fill(white)/product/36/3586/1.jpg?6487,https://www.jumia.com.tn/smartphones//oppo-a17k-6.56-3-64-gb-bleu-5000-mah-garantie-1-an-685363.html
Apple,"Apple iPhone 14 Pro Max - 6,7"" - 512 GB -Deep Purple - Garantie 12 mois",9883.3,https://tn.jumia.is/unsafe/fit-in/300x300/filters:fill(white)/product/07/6296/1.jpg?3192,https://www.jumia.com.tn/smartphones//apple-iphone-14-pro-max-67-512-gb-deep-purple-garantie-12-mois-692670.html
Infinix,"Infinix Smart 6 HD - 6.6"" - 2 Go - 32 Go et Pochette + Anticasse - Blue - Garantie 1 an",359.0,https://tn.jumia.is/unsafe/fit-in/300x300/filters:fill(white)/product/75/3556/1.jpg?4809,https://www.jumia.com.tn/smartphones//smart-6-6.6-2-go-32-go-heart-of-ocean-garantie-1-an-infinix-mpg22486.html
Samsung,"Samsung Galaxy A04e 6.5"" HD+ 3G+4G Ram Plus 64G - Bleu - Garantie 1 an",479.0,https://tn.jumia.is/unsafe/fit-in/300x300/filters:fill(white)/product/65/8427/1.jpg?7589,https://www.jumia.com.tn/smartphones//samsung-galaxy-a04e-6.5-hd-3g4g-ram-plus-64g-bleu-garantie-1-an-724856.html
Infinix,"Infinix Hot  20i - 6,6"" HD+ IPS - 6GB - 128GB - Noir - Garantie 1 an",539.0,https://tn.jumia.is/unsafe/fit-in/300x300/filters:fill(white)/product/45/0347/1.jpg?1126,https://www.jumia.com.tn/smartphones//infinix-hot-20i-66-hd-ips-6gb-128gb-noir-garantie-1-an-743054.html
Iku,"Iku X5 - 6.95"" - 3 Go - 32 Go -5500mAh -  Blue - Garantie 1 an",341.0,https://tn.jumia.is/unsafe/fit-in/300x300/filters:fill(white)/product/95/8696/1.jpg?7209,https://www.jumia.com.tn/smartphones//iku-x5-6.95-3-go-32-go-5500mah-blue-garantie-1-an-696859.html
Oukitel,"Oukitel WP20 - Etanche + Robuste - 5.93"" -4 Go-32 Go -6300 Mah + Cadeau Kit- Noir+Vert - Garantie 1 An",549.99,https://tn.jumia.is/unsafe/fit-in/300x300/filters:fill(white)/product/41/0266/1.jpg?5514,https://www.jumia.com.tn/smartphones//oukitel-wp20-etanche-robuste-5.93-4-go-32-go-6300-mah-cadeau-kit-noirvert-garantie-1-an-662014.html
XIAOMI,"XIAOMI Redmi 10C - 6.71""- 4Go - 128Go - Bleu - Garantie 1 an",619.9,https://tn.jumia.is/unsafe/fit-in/300x300/filters:fill(white)/product/30/9356/1.jpg?0685,https://www.jumia.com.tn/smartphones//xiaomi-redmi-10c-6.71-4go-128go-bleu-garantie-1-an-653903.html
Oppo,"Oppo A17k 6.56"" 3 - 64 Gb Navy Blue -5000 mAh - Garantie 1 An",487.0,https://tn.jumia.is/unsafe/fit-in/300x300/filters:fill(white)/product/16/3586/1.jpg?5145,https://www.jumia.com.tn/smartphones//oppo-a17k-6.56-3-64-gb-navy-blue-5000-mah-garantie-1-an-685361.html
XIAOMI,"XIAOMI Note 12 -6.67""- 4Go-128Go-Gris- Garantie 1an",714.0,https://tn.jumia.is/unsafe/fit-in/300x300/filters:fill(white)/product/41/7837/1.jpg?8512,https://www.jumia.com.tn/smartphones//xiaomi-note-12-6.67-4go-128go-gris-garantie-1an-738714.html
XIAOMI,"XIAOMI Redmi 12C - 6.71"" - 4 Go - 128 Go - Vert - Garantie 1 an",579.0,https://tn.jumia.is/unsafe/fit-in/300x300/filters:fill(white)/product/38/7627/1.jpg?2547,https://www.jumia.com.tn/smartphones//xiaomi-redmi-12c-6.71-4-go-128-go-vert-garantie-1-an-726783.html
Apple,"Apple iPhone 14 Pro Max - 6,7"" - 128 GB -Space Black - Garantie 12 mois",7549.92,https://tn.jumia.is/unsafe/fit-in/300x300/filters:fill(white)/product/37/6296/1.jpg?3831,https://www.jumia.com.tn/smartphones//apple-iphone-14-pro-max-67-128-gb-space-black-garantie-12-mois-692673.html
Nokia,Nokia C1 2ÈME ÉDITION 1GO 16GO - purple Garantie 1 An,209.0,https://tn.jumia.is/unsafe/fit-in/300x300/filters:fill(white)/product/10/2527/1.jpg?4798,https://www.jumia.com.tn/smartphones//nokia-c1-2eme-edition-1go-16go-purple-garantie-1-an-725201.html
Apple,"Apple iPhone 14 - 6,1"" - 128 GB - Starlight - Garantie 12 mois",5352.76,https://tn.jumia.is/unsafe/fit-in/300x300/filters:fill(white)/product/11/7296/1.jpg?8373,https://www.jumia.com.tn/smartphones//apple-iphone-14-61-128-gb-starlight-garantie-12-mois-692711.html
Apple,Apple Iphone 11 - 64 Go - Noir - Garantie 1 an,2299.0,https://tn.jumia.is/unsafe/fit-in/300x300/filters:fill(white)/product/06/1047/1.jpg?2165,https://www.jumia.com.tn/smartphones//apple-iphone-11-64-go-noir-garantie-1-an-740160.html
Nokia,"Nokia C2 2eme Edition - 6.51"" - 4G - 2Go - 32Go + Pochette et Anticasse - Gris - Garantie 1 An -",299.0,https://tn.jumia.is/unsafe/fit-in/300x300/filters:fill(white)/product/36/8807/1.jpg?9905,https://www.jumia.com.tn/smartphones//nokia-c2-2eme-edition-6.51-4g-2go-32go-pochette-et-anticasse-gris-garantie-1-an-708863.html
Nokia,"Nokia 150 black .2.40"" (240 * 320 pixels)  8MB",159.0,https://tn.jumia.is/unsafe/fit-in/300x300/filters:fill(white)/product/40/1992/1.jpg?9864,https://www.jumia.com.tn/smartphones//150-black-.2.40-240-320-pixels-8mb-nokia-mpg20792.html
Iku,"Iku X5 - 6.95"" - 3 Go - 32 Go - 5500mAh -  Vert  - Garantie 1 an",359.0,https://tn.jumia.is/unsafe/fit-in/300x300/filters:fill(white)/product/06/8696/1.jpg?7209,https://www.jumia.com.tn/smartphones//iku-x5-6.95-3-go-32-go-5500mah-vert-garantie-1-an-696860.html
Samsung,"Samsung Galaxy A04S - 6.5"" - 4Go - 64Go - Copper - Garantie 1 an",570.0,https://tn.jumia.is/unsafe/fit-in/300x300/filters:fill(white)/product/01/9937/1.jpg?7507,https://www.jumia.com.tn/smartphones//samsung-galaxy-a04s-6.5-4go-64go-copper-garantie-1-an-739910.html
XIAOMI,"XIAOMI Redmi 10 2022 - 6.5"" - 6 Go - 128 Go - Blanc- Garantie 1 an",779.0,https://tn.jumia.is/unsafe/fit-in/300x300/filters:fill(white)/product/16/4107/1.jpg?5726,https://www.jumia.com.tn/smartphones//xiaomi-redmi-10-2022-6.5-6-go-128-go-blanc-garantie-1-an-701461.html
XIAOMI,XIAOMI Redmi  Smartphone - A1 Plus - 2 Go -32 Go - Noir - Garantie 1 an,349.0,https://tn.jumia.is/unsafe/fit-in/300x300/filters:fill(white)/product/61/8237/1.jpg?0046,https://www.jumia.com.tn/smartphones//xiaomi-redmi-smartphone-a1-plus-2-go-32-go-noir-garantie-1-an-732816.html
XIAOMI,"XIAOMI Redmi A1+ - 6,52 ″ - 2Go - 32Go + Anticasse - Black - Garantie 1 An",360.0,https://tn.jumia.is/unsafe/fit-in/300x300/filters:fill(white)/product/93/6776/1.jpg?8347,https://www.jumia.com.tn/smartphones//xiaomi-redmi-a1-652-2go-32go-anticasse-black-garantie-1-an-677639.html
XIAOMI,"XIAOMI Redmi 10C - 6.71"" - 4GB - 128GB - Gris Graphite - Garantie 1 an",619.9,https://tn.jumia.is/unsafe/fit-in/300x300/filters:fill(white)/product/50/9356/1.jpg?0684,https://www.jumia.com.tn/smartphones//xiaomi-redmi-10c-6.71-4gb-128gb-gris-graphite-garantie-1-an-653905.html
Infinix,"Infinix Smartphone SMART 6 PLUS - 2G -64G - 6,82"" - TRANQUIL SEA BLUE - X6823 - Garantie 1an",368.99,https://tn.jumia.is/unsafe/fit-in/300x300/filters:fill(white)/product/53/0796/1.jpg?1048,https://www.jumia.com.tn/smartphones//infinix-smartphone-smart-6-plus-2g-64g-682-tranquil-sea-blue-x6823-garantie-1an-697035.html
Huawei,"Huawei Nova Y90 - 6.7"" - 8Go - 128Go + 128gb Carte Mémoire  - Blue - Garantie 1an",1099.0,https://tn.jumia.is/unsafe/fit-in/300x300/filters:fill(white)/product/38/6837/1.jpg?4896,https://www.jumia.com.tn/smartphones//huawei-nova-y90-6.7-8go-128go-128gb-carte-memoire-blue-garantie-1an-738683.html
XIAOMI,XIAOMI Redmi Note 11 - 4G - 128G - Bleu - Garantie 1 An,729.0,https://tn.jumia.is/unsafe/fit-in/300x300/filters:fill(white)/product/15/5466/1.jpg?0146,https://www.jumia.com.tn/smartphones//xiaomi-redmi-note-11-4g-128g-bleu-garantie-1-an-664551.html
Infinix,"Infinix Smart 7 - 6.62"" - 4 Go - 64 Go - Vert - Garantie 1 an",379.0,https://tn.jumia.is/unsafe/fit-in/300x300/filters:fill(white)/product/89/3627/1.jpg?2808,https://www.jumia.com.tn/smartphones//infinix-smart-7-6.62-4-go-64-go-vert-garantie-1-an-726398.html
XIAOMI,"XIAOMI Redmi 10 2022 - 6.5"" - 6Go - 128Go - Carbon Gray - Garantie 1 an",879.0,https://tn.jumia.is/unsafe/fit-in/300x300/filters:fill(white)/product/90/4996/1.jpg?5848,https://www.jumia.com.tn/smartphones//xiaomi-redmi-10-2022-6.5-6go-128go-carbon-gray-garantie-1-an-699409.html
Samsung,"Samsung Galaxy A04e 6.5"" HD + 7Gb Ram(3+4) + 128GB - Black- Garantie 1 an",539.0,https://tn.jumia.is/unsafe/fit-in/300x300/filters:fill(white)/product/95/8827/1.jpg?7988,https://www.jumia.com.tn/smartphones//samsung-galaxy-a04e-6.5-hd-7gb-ram34-128gb-black-garantie-1-an-728859.html
Schneider,"Schneider Wave 3 - 6.52"" - 4Go - 32 Go - Noir - Garantie 1an + Pochette + Anticasse",379.0,https://tn.jumia.is/unsafe/fit-in/300x300/filters:fill(white)/product/29/6174/1.jpg?8070,https://www.jumia.com.tn/smartphones//schneider-wave-3-6.52-4go-32-go-noir-garantie-1an-pochette-anticasse-471692.html
Apple,"Apple iPhone 14 Pro - 6,1"" -  6G - 256  GB - Deep Purple   - Garantie 1AN",7199.0,https://tn.jumia.is/unsafe/fit-in/300x300/filters:fill(white)/product/13/3937/1.jpg?6090,https://www.jumia.com.tn/smartphones//apple-iphone-14-pro-61-6g-256-gb-deep-purple-garantie-1an-739331.html
XIAOMI,XIAOMI Redmi - Smartphone - A1 Plus - 2GB - 32GB - Vert - Garantie 1 an,349.0,https://tn.jumia.is/unsafe/fit-in/300x300/filters:fill(white)/product/87/8237/1.jpg?1308,https://www.jumia.com.tn/smartphones//xiaomi-redmi-smartphone-a1-plus-2gb-32gb-vert-garantie-1-an-732878.html
Schneider,"Schneider Wave 3 - 6.52"" - 4Go - 32 Go - Mint Green - Garantie 1an + Pochette + Anticasse",399.0,https://tn.jumia.is/unsafe/fit-in/300x300/filters:fill(white)/product/40/1374/1.jpg?6066,https://www.jumia.com.tn/smartphones//wave-3-6.52-4go-32-go-mint-green-garantie-1an-pochette-anticasse-schneider-mpg32377.html
Infinix,"Infinix HOT 20 - 6,82"" -50MP - 90Hz - 11gb Ram -128GB + Anticasse et Pochette - Violet - Garantie 1An",666.0,https://tn.jumia.is/unsafe/fit-in/300x300/filters:fill(white)/product/01/8117/1.jpg?6735,https://www.jumia.com.tn/smartphones//infinix-hot-20-682-50mp-90hz-11gb-ram-128gb-anticasse-et-pochette-violet-garantie-1an-711810.html
Lenovo,"Lenovo K13 Note  - 6.5"" - 4Go - 128Go - Rose- Garantie 1 an",499.0,https://tn.jumia.is/unsafe/fit-in/300x300/filters:fill(white)/product/61/3206/1.jpg?8202,https://www.jumia.com.tn/smartphones//k13-note-6.5-4go-128go-rose-garantie-1-an-lenovo-mpg31755.html
Samsung,Samsung Galaxy  A04 - 4Go- 64Go - Noir - Garantie 1an,499.0,https://tn.jumia.is/unsafe/fit-in/300x300/filters:fill(white)/product/04/7496/1.jpg?8927,https://www.jumia.com.tn/smartphones//samsung-galaxy-a04-4go-64go-noir-garantie-1an-694740.html
Samsung,"Samsung Galaxy A04e  6.5"" HD+ 3G+4G Ram Plus 64G - Bleu - Garantie 1 an",489.0,https://tn.jumia.is/unsafe/fit-in/300x300/filters:fill(white)/product/43/2717/1.jpg?9669,https://www.jumia.com.tn/smartphones//samsung-galaxy-a04e-6.5-hd-3g4g-ram-plus-64g-bleu-garantie-1-an-717234.html
Nokia,"Nokia C12 - 6.3"" - 2Go -64Go - Vert- Garantie 1 an",345.0,https://tn.jumia.is/unsafe/fit-in/300x300/filters:fill(white)/product/24/4727/1.jpg?7587,https://www.jumia.com.tn/smartphones//nokia-c12-6.3-2go-64go-vert-garantie-1-an-727442.html
XIAOMI,"XIAOMI Smartphone Redmi A1 Plus - 2Go - 32Go - 6.52"" - Bleu - Garantie 1an",331.0,https://tn.jumia.is/unsafe/fit-in/300x300/filters:fill(white)/product/16/8427/1.jpg?9527,https://www.jumia.com.tn/smartphones//xiaomi-smartphone-redmi-a1-plus-2go-32go-6.52-bleu-garantie-1an-724861.html
XIAOMI,"XIAOMI Redmi 10C - 6.71""- 4Go - 128Go - Vert - Garantie 1 an",619.9,https://tn.jumia.is/unsafe/fit-in/300x300/filters:fill(white)/product/97/3337/1.jpg?5754,https://www.jumia.com.tn/smartphones//xiaomi-redmi-10c-6.71-4go-128go-vert-garantie-1-an-733379.html
Samsung,"Samsung Galaxy A04e 6.5"" HD+ 3G+4G Ram Plus 64G - Noir - Garantie 1 an",479.0,https://tn.jumia.is/unsafe/fit-in/300x300/filters:fill(white)/product/55/8427/1.jpg?7589,https://www.jumia.com.tn/smartphones//samsung-galaxy-a04e-6.5-hd-3g4g-ram-plus-64g-noir-garantie-1-an-724855.html
Oppo,"Oppo Reno 8T 5G - 6.7"" - 8G - 256GB - Noir - Garantie 1An",1714.0,https://tn.jumia.is/unsafe/fit-in/300x300/filters:fill(white)/product/52/8427/1.jpg?6667,https://www.jumia.com.tn/smartphones//oppo-reno-8t-5g-6.7-8g-256gb-noir-garantie-1an-724825.html
Evertek,Evertek M20S mini - 1GB RAM+16GB ROM - Rouge - Garantie 1 an,229.0,https://tn.jumia.is/unsafe/fit-in/300x300/filters:fill(white)/product/31/2047/1.jpg?0505,https://www.jumia.com.tn/smartphones//evertek-m20s-mini-1gb-ram16gb-rom-rouge-garantie-1-an-740213.html
Itel,"Itel P38 - 6.52"" - 2Go - 32Go - 6.5"" -5000mAH + Pochette et Anticasse - Green- Garantie 1 An",284.0,https://tn.jumia.is/unsafe/fit-in/300x300/filters:fill(white)/product/71/0247/1.jpg?2125,https://www.jumia.com.tn/smartphones//itel-p38-6.52-2go-32go-6.5-5000mah-pochette-et-anticasse-green-garantie-1-an-742017.html
Infinix,"Infinix SMART 6 HD - 6.6""  - 4G/DS - 2/32 GB - X6512 - Force Black",368.0,https://tn.jumia.is/unsafe/fit-in/300x300/filters:fill(white)/product/73/0307/1.jpg?7826,https://www.jumia.com.tn/smartphones//infinix-smart-6-hd-6.6-4gds-232-gb-x6512-force-black-703037.html
Smart,Smart M50 -6.8- 4Go-128Go - Blue- Garantie 1 an,419.0,https://tn.jumia.is/unsafe/fit-in/300x300/filters:fill(white)/product/51/0817/1.jpg?1008,https://www.jumia.com.tn/smartphones//smart-m50-6.8-4go-128go-blue-garantie-1-an-718015.html
Oppo,"Oppo A17 6.56"" 4 - 64 Gb Noir -5000 mAh et Pochette + Anticasse Gratuite - Garantie 1 An",589.0,https://tn.jumia.is/unsafe/fit-in/300x300/filters:fill(white)/product/90/2396/1.jpg?4168,https://www.jumia.com.tn/smartphones//oppo-a17-6.56-4-64-gb-noir-5000-mah-et-pochette-anticasse-gratuite-garantie-1-an-693209.html
Oukitel,"Oukitel WP20 -Etanche+Robuste -5.93"" -4 Go-32 Go +Cadeau Kit+Glass - Noir+Orange- Garantie 1 An",549.99,https://tn.jumia.is/unsafe/fit-in/300x300/filters:fill(white)/product/05/9766/1.jpg?6959,https://www.jumia.com.tn/smartphones//oukitel-wp20-etancherobuste-5.93-4-go-32-go-cadeau-kitglass-noirorange-garantie-1-an-667950.html
XIAOMI,"XIAOMI Redmi 12C - 6.71"" - 4 Go - 128 Go - Gris - Garantie 1 an",571.0,https://tn.jumia.is/unsafe/fit-in/300x300/filters:fill(white)/product/09/0827/1.jpg?4854,https://www.jumia.com.tn/smartphones//xiaomi-redmi-12c-6.71-4-go-128-go-gris-garantie-1-an-728090.html
Iku,"Iku A7 - 6"" - 2 Go - 16 Go - Dark Red - Garantie 1 an",279.0,https://tn.jumia.is/unsafe/fit-in/300x300/filters:fill(white)/product/37/3416/1.jpg?3401,https://www.jumia.com.tn/smartphones//iku-a7-6-2-go-16-go-dark-red-garantie-1-an-614373.html
XIAOMI,XIAOMI Smartphone Redmi Note 10 Pro  - 8G -  256 Go - Gris - Garantie 1 an,1224.0,https://tn.jumia.is/unsafe/fit-in/300x300/filters:fill(white)/product/23/2937/1.jpg?5229,https://www.jumia.com.tn/smartphones//xiaomi-smartphone-redmi-note-10-pro-8g-256-go-gris-garantie-1-an-739232.html
XIAOMI,"XIAOMI Redmi A1+ - 6,52 ″ - 2Go - 32Go - Light green - Garantie 1 An",349.0,https://tn.jumia.is/unsafe/fit-in/300x300/filters:fill(white)/product/97/0986/1.jpg?2660,https://www.jumia.com.tn/smartphones//xiaomi-redmi-a1-652-2go-32go-light-green-garantie-1-an-689079.html
Oppo,Oppo A77 - 8Gb Ram(4+4) + 128gb - 33W charge - 50Mp - Blue- Garantie 1An,798.0,https://tn.jumia.is/unsafe/fit-in/300x300/filters:fill(white)/product/45/1037/1.jpg?8228,https://www.jumia.com.tn/smartphones//oppo-a77-8gb-ram44-128gb-33w-charge-50mp-blue-garantie-1an-730154.html
Itel,"Itel P38 - 6.52"" - 2Go - 32Go - 6.5"" -5000mAH + Pochette et Anticasse - Green- Garantie 1 An",284.0,https://tn.jumia.is/unsafe/fit-in/300x300/filters:fill(white)/product/71/0247/1.jpg?2125,https://www.jumia.com.tn/smartphones//itel-p38-6.52-2go-32go-6.5-5000mah-pochette-et-anticasse-green-garantie-1-an-742017.html
XIAOMI,"XIAOMI Redmi10C - 6.71""- 4Go - 64Go  - Graphite Gray - Garantie 1 an",699.0,https://tn.jumia.is/unsafe/fit-in/300x300/filters:fill(white)/product/01/4555/1.jpg?7146,https://www.jumia.com.tn/smartphones//redmi-10c-6.71-4gb-64gb-gris-graphite-garantie-1-an-xiaomi-mpg33910.html
Infinix,"Infinix Hot  20i - 6,6"" HD+ IPS - 6GB - 128GB - Bleu- Garantie 1 an",539.0,https://tn.jumia.is/unsafe/fit-in/300x300/filters:fill(white)/product/59/2447/1.jpg?4366,https://www.jumia.com.tn/smartphones//infinix-hot-20i-66-hd-ips-6gb-128gb-bleu-garantie-1-an-744295.html
XIAOMI,"XIAOMI Note 12 - 4G -6.67""- 6Go-128Go-Vert- Garantie 1an",779.0,https://tn.jumia.is/unsafe/fit-in/300x300/filters:fill(white)/product/61/7837/1.jpg?8512,https://www.jumia.com.tn/smartphones//xiaomi-note-12-4g-6.67-6go-128go-vert-garantie-1an-738716.html
Smart,Smart M50 -6.8- 4Go-128Go - Blue- Garantie 1 an,419.0,https://tn.jumia.is/unsafe/fit-in/300x300/filters:fill(white)/product/51/0817/1.jpg?1008,https://www.jumia.com.tn/smartphones//smart-m50-6.8-4go-128go-blue-garantie-1-an-718015.html
Benco,Benco Y11 - 3G - DS - 1Gb- 32G Et Pochette + Anticasse - Blue - Garantie 1an,199.0,https://tn.jumia.is/unsafe/fit-in/300x300/filters:fill(white)/product/14/3217/1.jpg?8971,https://www.jumia.com.tn/smartphones//benco-y11-3g-ds-1gb-32g-et-pochette-anticasse-blue-garantie-1an-712341.html
Smart,"Smart E1 - 6.1"" - 2Go - 16Go - Noir  - Garantie 1 an",239.0,https://tn.jumia.is/unsafe/fit-in/300x300/filters:fill(white)/product/40/9766/1.jpg?2990,https://www.jumia.com.tn/smartphones//smart-e1-6.1-2go-16go-noir-garantie-1-an-667904.html
Schneider,"Schneider Wave 3 - 6.52"" - 4Go - 32 Go - Mint Green - Garantie 1an",398.0,https://tn.jumia.is/unsafe/fit-in/300x300/filters:fill(white)/product/01/1226/1.jpg?4510,https://www.jumia.com.tn/smartphones//schneider-wave-3-6.52-4go-32-go-mint-green-garantie-1an-622110.html
Iku,"Iku A23 - 6.1"" - 4G  - 2 Go - 32 Go - Rouge - Garantie 1 an",299.0,https://tn.jumia.is/unsafe/fit-in/300x300/filters:fill(white)/product/40/5416/1.jpg?3514,https://www.jumia.com.tn/smartphones//iku-a23-6.1-4g-2-go-32-go-rouge-garantie-1-an-614504.html
Iku,"Iku A23 - 6.1""- 4G - 2 Go - 32 Go - Gris - Garantie 1 an",299.0,https://tn.jumia.is/unsafe/fit-in/300x300/filters:fill(white)/product/90/5416/1.jpg?3513,https://www.jumia.com.tn/smartphones//iku-a23-6.1-4g-2-go-32-go-gris-garantie-1-an-614509.html
Oppo,"Oppo A17k 6.56"" 3 - 64 Gb Navy Blue -5000 mAh - Garantie 1 An",484.0,https://tn.jumia.is/unsafe/fit-in/300x300/filters:fill(white)/product/70/3307/1.jpg?1666,https://www.jumia.com.tn/smartphones//oppo-a17k-6.56-3-64-gb-navy-blue-5000-mah-garantie-1-an-703307.html
Apple,"Apple iPhone 14 Pro - 6,1"" -  6G - 256  GB - Deep Purple   - Garantie 1AN",7199.0,https://tn.jumia.is/unsafe/fit-in/300x300/filters:fill(white)/product/13/3937/1.jpg?6090,https://www.jumia.com.tn/smartphones//apple-iphone-14-pro-61-6g-256-gb-deep-purple-garantie-1an-739331.html
XIAOMI,"XIAOMI Redmi Note 12 Pro + 5G 6,67"" 120hz - 8 Go -256Go - Sky Blue Garantie 1 an",1679.0,https://tn.jumia.is/unsafe/fit-in/300x300/filters:fill(white)/product/12/2047/1.jpg?1407,https://www.jumia.com.tn/smartphones//xiaomi-redmi-note-12-pro-5g-667-120hz-8-go-256go-sky-blue-garantie-1-an-740221.html
Samsung,"Samsung Galaxy A14 - 6.6"" - 7Gb Ram(3+4)- 128 GB - 5000mAh - Noir-1an Garantie",777.0,https://tn.jumia.is/unsafe/fit-in/300x300/filters:fill(white)/product/65/8827/1.jpg?7991,https://www.jumia.com.tn/smartphones//samsung-galaxy-a14-6.6-7gb-ram34-128-gb-5000mah-noir-1an-garantie-728856.html
Smart,"Smart E2 - 6.55"" - 2Go - 32Go - Bleu  - Garantie 1 an",299.0,https://tn.jumia.is/unsafe/fit-in/300x300/filters:fill(white)/product/70/9766/1.jpg?2992,https://www.jumia.com.tn/smartphones//smart-e2-6.55-2go-32go-bleu-garantie-1-an-667907.html
Apple,"Apple iPhone 14 Pro - 6,1"" - 128 GB - Or - Garantie 12 mois",6987.4,https://tn.jumia.is/unsafe/fit-in/300x300/filters:fill(white)/product/84/6396/1.jpg?3777,https://www.jumia.com.tn/smartphones//apple-iphone-14-pro-61-128-gb-or-garantie-12-mois-693648.html
Evertek,Evertek Pokito - Double SIM - Noir,55.0,https://tn.jumia.is/unsafe/fit-in/300x300/filters:fill(white)/product/54/1727/1.jpg?4089,https://www.jumia.com.tn/smartphones//evertek-pokito-double-sim-noir-727145.html
Infinix,"Infinix Smart 7 - 6.62"" - 4 Go - 64 Go - Bleu  - Garantie 1 an",399.0,https://tn.jumia.is/unsafe/fit-in/300x300/filters:fill(white)/product/54/2717/1.jpg?5129,https://www.jumia.com.tn/smartphones//infinix-smart-7-6.62-4-go-64-go-bleu-garantie-1-an-717245.html
XIAOMI,"XIAOMI 12C - 6.72"" - 3 Go - 32 Go - Gris - Garantie 1 an",397.0,https://tn.jumia.is/unsafe/fit-in/300x300/filters:fill(white)/product/83/5337/1.jpg?0527,https://www.jumia.com.tn/smartphones//xiaomi-12c-6.72-3-go-32-go-gris-garantie-1-an-733538.html
Samsung,Samsung Galaxy A04 4 - 64 Go - Noir- Garantie 1 an,579.0,https://tn.jumia.is/unsafe/fit-in/300x300/filters:fill(white)/product/82/6707/1.jpg?4221,https://www.jumia.com.tn/smartphones//samsung-galaxy-a04-4-64-go-noir-garantie-1-an-707628.html
XIAOMI,"XIAOMI Redmi 9A - 6.53"" - 2 Go - 32 Go - Aurora Green - Garantie 1 an",469.0,https://tn.jumia.is/unsafe/fit-in/300x300/filters:fill(white)/product/51/6826/1.jpg?1027,https://www.jumia.com.tn/smartphones//xiaomi-redmi-9a-6.53-2-go-32-go-aurora-green-garantie-1-an-628615.html
Apple,"Apple iPhone 14 Pro Max - 6,7"" - 256 GB - Silver - Garantie 12 mois",8226.12,https://tn.jumia.is/unsafe/fit-in/300x300/filters:fill(white)/product/96/6296/1.jpg?3190,https://www.jumia.com.tn/smartphones//apple-iphone-14-pro-max-67-256-gb-silver-garantie-12-mois-692669.html
Samsung,"Samsung Galaxy A04e 6.5"" HD + 7Gb Ram(3+4) + 128GB - Gold- Garantie 1 an",539.0,https://tn.jumia.is/unsafe/fit-in/300x300/filters:fill(white)/product/06/8827/1.jpg?7988,https://www.jumia.com.tn/smartphones//samsung-galaxy-a04e-6.5-hd-7gb-ram34-128gb-gold-garantie-1-an-728860.html
Apple,"Apple iPhone 14 Pro - 6,1"" - 128 GB - Deep Purple  - Garantie 12 mois",6987.4,https://tn.jumia.is/unsafe/fit-in/300x300/filters:fill(white)/product/78/9296/1.jpg?3828,https://www.jumia.com.tn/smartphones//apple-iphone-14-pro-61-128-gb-deep-purple-garantie-12-mois-692987.html
Ila,Ila E3 - 2Go - 16Go - Gold - Garantie 1 an,210.0,https://tn.jumia.is/unsafe/fit-in/300x300/filters:fill(white)/product/48/7047/1.jpg?4786,https://www.jumia.com.tn/smartphones//ila-e3-2go-16go-gold-garantie-1-an-740784.html
XIAOMI,"XIAOMI Redmi 10C - 6.71""- 4Go - 128Go  - Mint green - Garantie 1 an",729.0,https://tn.jumia.is/unsafe/fit-in/300x300/filters:fill(white)/product/54/7495/1.jpg?5407,https://www.jumia.com.tn/smartphones//redmi-10c-6.71-4go-128go-mint-green-garantie-1-an-xiaomi-mpg32530.html
Infinix,"Infinix Hot 11 - 6.6"" - 4 Go - 128 Go et Pochette + Anticasse - Purple - Garantie 1 an",579.0,https://tn.jumia.is/unsafe/fit-in/300x300/filters:fill(white)/product/72/6896/1.jpg?2746,https://www.jumia.com.tn/smartphones//infinix-hot-11-6.6-4-go-128-go-et-pochette-anticasse-purple-garantie-1-an-698627.html
Oukitel,"Oukitel WP20 -Etanche+Robuste -5.93"" -4 Go-32 Go + Cadeau Kit+Glass- Noir-Gris  - Garantie 1 An",545.0,https://tn.jumia.is/unsafe/fit-in/300x300/filters:fill(white)/product/94/9766/1.jpg?4666,https://www.jumia.com.tn/smartphones//oukitel-wp20-etancherobuste-5.93-4-go-32-go-cadeau-kitglass-noir-gris-garantie-1-an-667949.html
Evertek,Evertek M20S PRO - 2Go - 16Go - Rouge - Garantie 1 an,309.0,https://tn.jumia.is/unsafe/fit-in/300x300/filters:fill(white)/product/67/9627/1.jpg?9228,https://www.jumia.com.tn/smartphones//evertek-m20s-pro-2go-16go-rouge-garantie-1-an-726976.html
Apple,Apple Iphone 14 Pro Max -6G - 256GO - Deep Purple -Garantie 1an,6900.0,https://tn.jumia.is/unsafe/fit-in/300x300/filters:fill(white)/product/04/2937/1.jpg?5849,https://www.jumia.com.tn/smartphones//apple-iphone-14-pro-max-6g-256go-deep-purple-garantie-1an-739240.html
Infinix,"Infinix SMART 6 PLUS - 6,82"" - 4G/DS - 2/64 GB - X6823 - Miracle Black",428.0,https://tn.jumia.is/unsafe/fit-in/300x300/filters:fill(white)/product/04/0307/1.jpg?8126,https://www.jumia.com.tn/smartphones//infinix-smart-6-plus-682-4gds-264-gb-x6823-miracle-black-703040.html
Smart,"Smart M30 - 6.3""- 2Go-32Go - vert- Garantie 1 an",292.9,https://tn.jumia.is/unsafe/fit-in/300x300/filters:fill(white)/product/23/7347/1.jpg?9027,https://www.jumia.com.tn/smartphones//smart-m30-6.3-2go-32go-vert-garantie-1-an-743732.html
Huawei,"Huawei Nova Y90 - 6.7"" - 6Go - 128Go - Blue - Garantie 1an",1079.0,https://tn.jumia.is/unsafe/fit-in/300x300/filters:fill(white)/product/86/1466/1.jpg?5267,https://www.jumia.com.tn/smartphones//huawei-nova-y90-6.7-6go-128go-blue-garantie-1an-664168.html
Samsung,"Samsung Galaxy S23 6.1"" FHD+ Dynamic Amoled 2X 5G / 8 GO / 256 GO / Noir / Garantie 1an",3299.0,https://tn.jumia.is/unsafe/fit-in/300x300/filters:fill(white)/product/63/5727/1.jpg?2927,https://www.jumia.com.tn/smartphones//samsung-galaxy-s23-6.1-fhd-dynamic-amoled-2x-5g-8-go-256-go-noir-garantie-1an-727536.html
Benco,Benco - Y11 - 3G - DS - 1Gb- 32G Et Pochette + Anticasse - Blue - Garantie 1an,199.0,https://tn.jumia.is/unsafe/fit-in/300x300/filters:fill(white)/product/09/7155/1.jpg?5606,https://www.jumia.com.tn/smartphones//benco-y11-3g-ds-1gb-32g-et-pochette-anticasse-blue-garantie-1an-551790.html
Oppo,"Oppo A77s - 6.56"" - 8GB -128GB - Sunset Orange - 1 an Garantie",999.0,https://tn.jumia.is/unsafe/fit-in/300x300/filters:fill(white)/product/48/0907/1.jpg?2897,https://www.jumia.com.tn/smartphones//oppo-a77s-6.56-8gb-128gb-sunset-orange-1-an-garantie-709084.html
XIAOMI,"XIAOMI Redmi Note 12 - 6,67"" Amoled 120hz - 8 Go -128 Go - Gris Onyx- Garantie 1 an",899.0,https://tn.jumia.is/unsafe/fit-in/300x300/filters:fill(white)/product/96/5937/1.jpg?6638,https://www.jumia.com.tn/smartphones//xiaomi-redmi-note-12-667-amoled-120hz-8-go-128-go-gris-onyx-garantie-1-an-739569.html
Oppo,"Oppo Reno 8T 5G - 6.7"" - 8G - 256GB - Gold- Garantie 1An",1749.0,https://tn.jumia.is/unsafe/fit-in/300x300/filters:fill(white)/product/62/8427/1.jpg?6667,https://www.jumia.com.tn/smartphones//oppo-reno-8t-5g-6.7-8g-256gb-gold-garantie-1an-724826.html
Tecno,"Tecno Spark Go 2023 -6.56""- 4Gb - 64Go + C Mémoire 64gb - Bleu- Garantie 1an",399.0,https://tn.jumia.is/unsafe/fit-in/300x300/filters:fill(white)/product/48/6837/1.jpg?4896,https://www.jumia.com.tn/smartphones//tecno-spark-go-2023-6.56-4gb-64go-c-memoire-64gb-bleu-garantie-1an-738684.html
Samsung,"Samsung Galaxy A14 - 6.6"" - 6Gb - 128gb - 5000mAh - BLACK - 1an Garantie",888.0,https://tn.jumia.is/unsafe/fit-in/300x300/filters:fill(white)/product/39/9247/1.jpg?9866,https://www.jumia.com.tn/smartphones//samsung-galaxy-a14-6.6-6gb-128gb-5000mah-black-1an-garantie-742993.html
XIAOMI,"XIAOMI Redmi Note 12 - 6,67"" Amoled 120hz - 8 Go -128 Go - Gris Onyx- Garantie 1 an",899.0,https://tn.jumia.is/unsafe/fit-in/300x300/filters:fill(white)/product/96/5937/1.jpg?6638,https://www.jumia.com.tn/smartphones//xiaomi-redmi-note-12-667-amoled-120hz-8-go-128-go-gris-onyx-garantie-1-an-739569.html
Evertek,Evertek Pokito - White Black - Double SIM,55.0,https://tn.jumia.is/unsafe/fit-in/300x300/filters:fill(white)/product/64/1727/1.jpg?4089,https://www.jumia.com.tn/smartphones//evertek-pokito-white-black-double-sim-727146.html
Iku,"Iku A23 - 6.1""- 4G - 2 Go - 32 Go - Bleu - Garantie 1 an",299.0,https://tn.jumia.is/unsafe/fit-in/300x300/filters:fill(white)/product/99/4416/1.jpg?3513,https://www.jumia.com.tn/smartphones//iku-a23-6.1-4g-2-go-32-go-bleu-garantie-1-an-614499.html
XIAOMI,"XIAOMI Redmi 10 2022 - 6.5"" - 6 Go - 128 Go - Bleu - Garantie 1 an",779.0,https://tn.jumia.is/unsafe/fit-in/300x300/filters:fill(white)/product/14/4107/1.jpg?5185,https://www.jumia.com.tn/smartphones//xiaomi-redmi-10-2022-6.5-6-go-128-go-bleu-garantie-1-an-701441.html
Samsung,"Samsung Galaxy A14 - 6.6"" - 6Gb - 128gb - 5000mAh - BLACK - 1an Garantie",888.0,https://tn.jumia.is/unsafe/fit-in/300x300/filters:fill(white)/product/39/9247/1.jpg?9866,https://www.jumia.com.tn/smartphones//samsung-galaxy-a14-6.6-6gb-128gb-5000mah-black-1an-garantie-742993.html
Apple,Apple iPhone 12 -4G RAM - 128GB ROM - Noir - Garantie 1 an,2999.0,https://tn.jumia.is/unsafe/fit-in/300x300/filters:fill(white)/product/69/1437/1.jpg?5510,https://www.jumia.com.tn/smartphones//apple-iphone-12-4g-ram-128gb-rom-noir-garantie-1-an-734196.html
XIAOMI,"XIAOMI Redmi 9A - 6.53"" - 2 Go - 32 Go - Aurora Green - Garantie 1 an",469.0,https://tn.jumia.is/unsafe/fit-in/300x300/filters:fill(white)/product/51/6826/1.jpg?1027,https://www.jumia.com.tn/smartphones//xiaomi-redmi-9a-6.53-2-go-32-go-aurora-green-garantie-1-an-628615.html
Oukitel,"Oukitel WP20 - Etanche + Robuste - 5.93"" -4 Go-32 Go -6300 Mah + Cadeau Kit - Noir-Gris  - Garantie 1 An",544.99,https://tn.jumia.is/unsafe/fit-in/300x300/filters:fill(white)/product/31/0266/1.jpg?5507,https://www.jumia.com.tn/smartphones//oukitel-wp20-etanche-robuste-5.93-4-go-32-go-6300-mah-cadeau-kit-noir-gris-garantie-1-an-662013.html
Apple,Apple iPhone 11 - 4G RAM -128 Go ROM  - Noir - Garantie 1 an,2690.0,https://tn.jumia.is/unsafe/fit-in/300x300/filters:fill(white)/product/49/1437/1.jpg?8926,https://www.jumia.com.tn/smartphones//apple-iphone-11-4g-ram-128-go-rom-noir-garantie-1-an-734194.html
Samsung,"Samsung A73 - 6.7""- 8GO - 128GO- 108MP - Mint - Garantie 1an",2299.0,https://tn.jumia.is/unsafe/fit-in/300x300/filters:fill(white)/product/90/9585/2.jpg?4336,https://www.jumia.com.tn/smartphones//a73-6.7-8go-128go-108mp-mint-garantie-1an-samsung-mpg32944.html
Apple,Apple IPhone 12 - 4G RAM - 128 GB ROM - Blanc - Garantie 1 an,2999.0,https://tn.jumia.is/unsafe/fit-in/300x300/filters:fill(white)/product/03/6437/1.jpg?0789,https://www.jumia.com.tn/smartphones//apple-iphone-12-4g-ram-128-gb-rom-blanc-garantie-1-an-734630.html
Smart,"Smart M30 - 6.3""- 2Go-32Go - vert- Garantie 1 an",292.9,https://tn.jumia.is/unsafe/fit-in/300x300/filters:fill(white)/product/23/7347/1.jpg?9027,https://www.jumia.com.tn/smartphones//smart-m30-6.3-2go-32go-vert-garantie-1-an-743732.html
XIAOMI,"XIAOMI Redmi A1+ - 6,52 ″ - 2Go - 32Go - Light green - Garantie 1 An",348.0,https://tn.jumia.is/unsafe/fit-in/300x300/filters:fill(white)/product/52/0696/1.jpg?0488,https://www.jumia.com.tn/smartphones//xiaomi-redmi-a1-652-2go-32go-light-green-garantie-1-an-696025.html
Apple,"Apple iPhone 14 Pro - 6,1"" - 512 GB - Deep Purple  - Garantie 12 mois",8808.24,https://tn.jumia.is/unsafe/fit-in/300x300/filters:fill(white)/product/56/6296/1.jpg?8371,https://www.jumia.com.tn/smartphones//apple-iphone-14-pro-61-512-gb-deep-purple-garantie-12-mois-692665.html
XIAOMI,"XIAOMI Redmi 12C - 6.71""- 4Go - 128Go - Purple - Garantie 1 an",579.0,https://tn.jumia.is/unsafe/fit-in/300x300/filters:fill(white)/product/95/6437/1.jpg?6546,https://www.jumia.com.tn/smartphones//xiaomi-redmi-12c-6.71-4go-128go-purple-garantie-1-an-734659.html
Tecno,"Tecno Spark Go 2023 -6.56""- 4Gb - 64Go + C Mémoire 64gb - Bleu- Garantie 1an",399.0,https://tn.jumia.is/unsafe/fit-in/300x300/filters:fill(white)/product/48/6837/1.jpg?4896,https://www.jumia.com.tn/smartphones//tecno-spark-go-2023-6.56-4gb-64go-c-memoire-64gb-bleu-garantie-1an-738684.html
Samsung,"Samsung Galaxy A04 6,5"" 3- 32 Go - COPPER - Garantie 1 an",469.99,https://tn.jumia.is/unsafe/fit-in/300x300/filters:fill(white)/product/52/0796/1.jpg?1046,https://www.jumia.com.tn/smartphones//samsung-galaxy-a04-65-3-32-go-copper-garantie-1-an-697025.html
Infinix,"Infinix Hot 20 - 6.82"" - 4GB - 128GB - Legend white - 1an Garantie",649.0,https://tn.jumia.is/unsafe/fit-in/300x300/filters:fill(white)/product/83/9907/1.jpg?3625,https://www.jumia.com.tn/smartphones//infinix-hot-20-6.82-4gb-128gb-legend-white-1an-garantie-709938.html
Oppo,"Oppo Reno 8T 4G - 6.4"" - Amoled FHD+ 90hz - 8 GO - 256 GO - Noir - Garantie 1an",1299.0,https://tn.jumia.is/unsafe/fit-in/300x300/filters:fill(white)/product/04/0527/1.jpg?5228,https://www.jumia.com.tn/smartphones//oppo-reno-8t-4g-6.4-amoled-fhd-90hz-8-go-256-go-noir-garantie-1an-725040.html
Infinix,"Infinix Hot 20 - 6,82"" - 4Go -128Go - Legend white - Garantie 1 an",599.0,https://tn.jumia.is/unsafe/fit-in/300x300/filters:fill(white)/product/11/7986/1.jpg?1565,https://www.jumia.com.tn/smartphones//infinix-hot-20-682-4go-128go-legend-white-garantie-1-an-689711.html
Apple,"Apple iPhone 14 Pro - 6,1"" - 128 GB - Space Black   - Garantie 12 mois",6987.4,https://tn.jumia.is/unsafe/fit-in/300x300/filters:fill(white)/product/68/9296/1.jpg?3516,https://www.jumia.com.tn/smartphones//apple-iphone-14-pro-61-128-gb-space-black-garantie-12-mois-692986.html
Tecno,Tecno Spark 8 4-64Gb - Turquoise Cyan- Garantie 1 an,489.0,https://tn.jumia.is/unsafe/fit-in/300x300/filters:fill(white)/product/51/4996/1.jpg?5848,https://www.jumia.com.tn/smartphones//tecno-spark-8-4-64gb-turquoise-cyan-garantie-1-an-699415.html
XIAOMI,XIAOMI Smartphone Redmi Note 11 - 4 GO - 128 GO - Bleu Twilight,799.0,https://tn.jumia.is/unsafe/fit-in/300x300/filters:fill(white)/product/95/1337/1.jpg?0229,https://www.jumia.com.tn/smartphones//xiaomi-smartphone-redmi-note-11-4-go-128-go-bleu-twilight-733159.html
Samsung,Samsung Galaxy A04e 3 -32 - Copper- Garantie 1 an,459.0,https://tn.jumia.is/unsafe/fit-in/300x300/filters:fill(white)/product/06/8427/1.jpg?7588,https://www.jumia.com.tn/smartphones//samsung-galaxy-a04e-3-32-copper-garantie-1-an-724860.html
iPlus,"iPlus Nu 65- 6.6"" - 2 Go - 64Go - Noir - Garantie 1 an",319.0,https://tn.jumia.is/unsafe/fit-in/300x300/filters:fill(white)/product/94/1037/1.jpg?8228,https://www.jumia.com.tn/smartphones//iplus-nu-65-6.6-2-go-64go-noir-garantie-1-an-730149.html
Oukitel,"Oukitel WP20 -Etanche+Robuste -5.93"" -4 Go-32 Go +Cadeau Kit+Glass- Noir+Vert - Garantie 1 An",549.99,https://tn.jumia.is/unsafe/fit-in/300x300/filters:fill(white)/product/84/9766/1.jpg?6954,https://www.jumia.com.tn/smartphones//oukitel-wp20-etancherobuste-5.93-4-go-32-go-cadeau-kitglass-noirvert-garantie-1-an-667948.html
Huawei,Huawei NOVA Y61 - 4Go - 64Go - Noir - Garantie - Big Battery - Super Charge,699.0,https://tn.jumia.is/unsafe/fit-in/300x300/filters:fill(white)/product/03/1907/1.jpg?2903,https://www.jumia.com.tn/smartphones//huawei-nova-y61-4go-64go-noir-garantie-big-battery-super-charge-709130.html
Iku,"Iku A7 - 6"" - 2 Go - 16 Go - Sky Blue - Garantie 1 an",279.0,https://tn.jumia.is/unsafe/fit-in/300x300/filters:fill(white)/product/17/3416/1.jpg?3400,https://www.jumia.com.tn/smartphones//iku-a7-6-2-go-16-go-sky-blue-garantie-1-an-614371.html
Samsung,"Samsung Galaxy A04e 6.5"" HD + 7Gb Ram(3+4) + 64gb - Gold- Garantie 1 an",499.0,https://tn.jumia.is/unsafe/fit-in/300x300/filters:fill(white)/product/16/8827/1.jpg?7988,https://www.jumia.com.tn/smartphones//samsung-galaxy-a04e-6.5-hd-7gb-ram34-64gb-gold-garantie-1-an-728861.html
Samsung,"Samsung Galaxy A13 - 6.5"" - 4 Go - 128 Go + Anticasse - Peach - Garantie 1 an",888.0,https://tn.jumia.is/unsafe/fit-in/300x300/filters:fill(white)/product/89/5986/1.jpg?9098,https://www.jumia.com.tn/smartphones//samsung-galaxy-a13-6.5-4-go-128-go-anticasse-peach-garantie-1-an-689598.html
Samsung,"Samsung Galaxy A04 6,5"" 3- 32 Go - NOIR - Garantie 1 an",469.99,https://tn.jumia.is/unsafe/fit-in/300x300/filters:fill(white)/product/42/0796/1.jpg?1046,https://www.jumia.com.tn/smartphones//samsung-galaxy-a04-65-3-32-go-noir-garantie-1-an-697024.html
Samsung,"Samsung Galaxy A04S - 6.5"" - 4Go - 128Go - NOIR - Garantie 1 an",819.0,https://tn.jumia.is/unsafe/fit-in/300x300/filters:fill(white)/product/13/1876/1.jpg?0345,https://www.jumia.com.tn/smartphones//samsung-galaxy-a04s-6.5-4go-128go-noir-garantie-1-an-678131.html
Apple,"Apple iPhone 14 Pro - 6,1"" -  6G - 128 GB - gold  - Garantie 1AN",6490.0,https://tn.jumia.is/unsafe/fit-in/300x300/filters:fill(white)/product/72/3937/1.jpg?5968,https://www.jumia.com.tn/smartphones//apple-iphone-14-pro-61-6g-128-gb-gold-garantie-1an-739327.html
Oppo,"Oppo A17 -  6.56"" - 4 Go - 64 Gb  - Midnight Black - 5000 mAh - Garantie 1 An",599.0,https://tn.jumia.is/unsafe/fit-in/300x300/filters:fill(white)/product/50/1586/1.jpg?2092,https://www.jumia.com.tn/smartphones//oppo-a17-6.56-4-go-64-gb-midnight-black-5000-mah-garantie-1-an-685105.html
Infinix,"Infinix SMART 6 HD - 6.6""  - 4G/DS - 2/32 GB - X6512 - ORIGIN Blue",368.0,https://tn.jumia.is/unsafe/fit-in/300x300/filters:fill(white)/product/83/0307/1.jpg?7826,https://www.jumia.com.tn/smartphones//infinix-smart-6-hd-6.6-4gds-232-gb-x6512-origin-blue-703038.html
Oppo,"Oppo Reno 8T 5G - 6.7"" - 8G - 256GB - Gold",1799.0,https://tn.jumia.is/unsafe/fit-in/300x300/filters:fill(white)/product/05/7327/1.jpg?8743,https://www.jumia.com.tn/smartphones//oppo-reno-8t-5g-6.7-8g-256gb-gold-723750.html
XIAOMI,"XIAOMI Redmi Note 12 - 6,67"" Amoled 120hz - 6 Go -128 Go - Ice Blue - Garantie 1 an",799.0,https://tn.jumia.is/unsafe/fit-in/300x300/filters:fill(white)/product/66/5937/1.jpg?6576,https://www.jumia.com.tn/smartphones//xiaomi-redmi-note-12-667-amoled-120hz-6-go-128-go-ice-blue-garantie-1-an-739566.html
Samsung,"Samsung Galaxy A04E 6,5"" 3- 32 Go - Bleu - Garantie 1 an",459.0,https://tn.jumia.is/unsafe/fit-in/300x300/filters:fill(white)/product/95/8427/1.jpg?7589,https://www.jumia.com.tn/smartphones//samsung-galaxy-a04e-65-3-32-go-bleu-garantie-1-an-724859.html
XIAOMI,"XIAOMI Redmi Note 12 Amoled 6,67″(6Go, 128Go)- 50MP/8 MP- Grey-Garantie 1 an",829.0,https://tn.jumia.is/unsafe/fit-in/300x300/filters:fill(white)/product/67/2937/1.jpg?6970,https://www.jumia.com.tn/smartphones//xiaomi-redmi-note-12-amoled-6676go-128go-50mp8-mp-grey-garantie-1-an-739276.html
Oppo,"Oppo A77S - 6.56"" Snapdragon 680 - 8Go -128Go - Orange - Garantie 1an",959.9,https://tn.jumia.is/unsafe/fit-in/300x300/filters:fill(white)/product/34/0007/1.jpg?3966,https://www.jumia.com.tn/smartphones//oppo-a77s-6.56-snapdragon-680-8go-128go-orange-garantie-1an-700043.html
XIAOMI,"XIAOMI Poco M4 Pro 8 - 6.43"" - 8 Go - 256 Go - Jaune - Garantie 1 an",1229.0,https://tn.jumia.is/unsafe/fit-in/300x300/filters:fill(white)/product/77/8606/1.jpg?5288,https://www.jumia.com.tn/smartphones//poco-m4-pro-8-6.43-8-go-256-go-jaune-garantie-1-an-xiaomi-mpg32715.html
XIAOMI,"XIAOMI Redmi Note 12 - 6,67"" Amoled 120hz - 6 Go -128 Go - Onyx Gris - Garantie 1 an",799.0,https://tn.jumia.is/unsafe/fit-in/300x300/filters:fill(white)/product/86/5937/1.jpg?6638,https://www.jumia.com.tn/smartphones//xiaomi-redmi-note-12-667-amoled-120hz-6-go-128-go-onyx-gris-garantie-1-an-739568.html
Sans Marque,"Organisateurs élastiques noirs, pour organiser des gadgets",22.0,https://tn.jumia.is/unsafe/fit-in/300x300/filters:fill(white)/product/98/0962/1.jpg?8546,https://www.jumia.com.tn/smartphones//sans-marque-organisateurs-elastiques-noirs-pour-organiser-des-gadgets-269089.html
Oppo,Oppo A77  4Gb / 128gb - 33W charge - Blue- Garantie 1An,779.0,https://tn.jumia.is/unsafe/fit-in/300x300/filters:fill(white)/product/66/5037/1.jpg?0951,https://www.jumia.com.tn/smartphones//oppo-a77-4gb-128gb-33w-charge-blue-garantie-1an-730566.html
Samsung,Samsung Galaxy  A04 - 4Go- 64Go - Blanc - Garantie 1an,499.0,https://tn.jumia.is/unsafe/fit-in/300x300/filters:fill(white)/product/14/7496/1.jpg?8927,https://www.jumia.com.tn/smartphones//samsung-galaxy-a04-4go-64go-blanc-garantie-1an-694741.html
Sans Marque,Afficheur  - Pour Iphone X - Noir,119.0,https://tn.jumia.is/unsafe/fit-in/300x300/filters:fill(white)/product/80/9102/1.jpg?5364,https://www.jumia.com.tn/smartphones//sans-marque-afficheur-pour-iphone-x-noir-201908.html
Samsung,"Samsung Galaxy A03 - 6.5"" - 3 Go - 32Go - Bleu - Garantie 1 an",455.0,https://tn.jumia.is/unsafe/fit-in/300x300/filters:fill(white)/product/42/4216/1.jpg?7225,https://www.jumia.com.tn/smartphones//galaxy-a03-6.5-3-go-32go-bleu-garantie-1-an-samsung-mpg30957.html
Oukitel,"Oukitel WP20 - Etanche + Robuste - 5.93"" -4 Go-32 Go -6300 Mah + Cadeau Kit+Glass - Noir+Orange- Garantie 1 An",549.99,https://tn.jumia.is/unsafe/fit-in/300x300/filters:fill(white)/product/51/0266/1.jpg?5522,https://www.jumia.com.tn/smartphones//oukitel-wp20-etanche-robuste-5.93-4-go-32-go-6300-mah-cadeau-kitglass-noirorange-garantie-1-an-662015.html
Infinix,Infinix X665E HOT 20I - 4G/DS - 4GB + 128 GB - Energy Green,499.0,https://tn.jumia.is/unsafe/fit-in/300x300/filters:fill(white)/product/60/2047/1.jpg?7626,https://www.jumia.com.tn/smartphones//infinix-x665e-hot-20i-4gds-4gb-128-gb-energy-green-740206.html
Infinix,"Infinix Hot 20 - 6.82"" - 4GB - 128GB - Luna Bleu - 1an Garantie",589.0,https://tn.jumia.is/unsafe/fit-in/300x300/filters:fill(white)/product/79/4127/1.jpg?0170,https://www.jumia.com.tn/smartphones//infinix-hot-20-6.82-4gb-128gb-luna-bleu-1an-garantie-721497.html
Samsung,"Samsung Galaxy A14 6.6"" LCD 90Hz 4G 4GO 64GO - Noir - Garantie 1an",699.0,https://tn.jumia.is/unsafe/fit-in/300x300/filters:fill(white)/product/79/0827/1.jpg?4855,https://www.jumia.com.tn/smartphones//samsung-galaxy-a14-6.6-lcd-90hz-4g-4go-64go-noir-garantie-1an-728097.html
Iku,"Iku A12 - 6.5"" - 4 Go - 64 Go - Marron- Garantie 1 an",388.99,https://tn.jumia.is/unsafe/fit-in/300x300/filters:fill(white)/product/05/7337/1.jpg?0907,https://www.jumia.com.tn/smartphones//iku-a12-6.5-4-go-64-go-marron-garantie-1-an-733750.html
Infinix,"Infinix SMART 6 PLUS - 6,82"" - 4G/DS - 2/64 GB - X6823 - Tranquil Sea Blue",428.0,https://tn.jumia.is/unsafe/fit-in/300x300/filters:fill(white)/product/14/0307/1.jpg?8126,https://www.jumia.com.tn/smartphones//infinix-smart-6-plus-682-4gds-264-gb-x6823-tranquil-sea-blue-703041.html
iPlus,iPlus Smartphone P1- 4G -2Go -16Go -Gold - Garantie 1an,279.0,https://tn.jumia.is/unsafe/fit-in/300x300/filters:fill(white)/product/96/8116/1.jpg?0950,https://www.jumia.com.tn/smartphones//iplus-smartphone-p1-4g-2go-16go-gold-garantie-1an-611869.html
Samsung,"Samsung Galaxy A03 Core - 6.5"" - 2Go -32Go - Bleu - Garantie 1an",449.0,https://tn.jumia.is/unsafe/fit-in/300x300/filters:fill(white)/product/82/1125/1.jpg?6147,https://www.jumia.com.tn/smartphones//galaxy-a03-core-6.5-2go-32go-bleu-garantie-1an-samsung-mpg26340.html
Evertek,Evertek Pokito - Black Blue - Double SIM,55.0,https://tn.jumia.is/unsafe/fit-in/300x300/filters:fill(white)/product/74/1727/1.jpg?4089,https://www.jumia.com.tn/smartphones//evertek-pokito-black-blue-double-sim-727147.html
Tecno,"Tecno Spark Go 2023 - 6.56""- 4Gb Ram - 64Go - Violet - Garantie 1an",399.0,https://tn.jumia.is/unsafe/fit-in/300x300/filters:fill(white)/product/21/5547/1.jpg?0487,https://www.jumia.com.tn/smartphones//tecno-spark-go-2023-6.56-4gb-ram-64go-violet-garantie-1an-745512.html
Itel,Itel A58 Pro - 4G - 6.6HD - 2gb - 64gb - Bleu - Garantie 1An,348.0,https://tn.jumia.is/unsafe/fit-in/300x300/filters:fill(white)/product/33/7007/1.jpg?6526,https://www.jumia.com.tn/smartphones//itel-a58-pro-4g-6.6hd-2gb-64gb-bleu-garantie-1an-700733.html
Apple,Apple iPhone 14 Pro Max- 6 GO - 512 GO - NOIR  Garantie 12 mois,7999.0,https://tn.jumia.is/unsafe/fit-in/300x300/filters:fill(white)/product/43/2937/1.jpg?5232,https://www.jumia.com.tn/smartphones//apple-iphone-14-pro-max-6-go-512-go-noir-garantie-12-mois-739234.html
XIAOMI,XIAOMI Redmi A1+ - 2Go RAM - 32Go ROM - Light Blue - Garantie 1 an,348.0,https://tn.jumia.is/unsafe/fit-in/300x300/filters:fill(white)/product/42/0696/1.jpg?0488,https://www.jumia.com.tn/smartphones//xiaomi-redmi-a1-2go-ram-32go-rom-light-blue-garantie-1-an-696024.html
Tecno,Tecno Spark 5 Air - Ecran 7 pouce - 2gb - 64gb - 5000mAh - Bleu - Garantie 1An,349.0,https://tn.jumia.is/unsafe/fit-in/300x300/filters:fill(white)/product/68/3307/1.jpg?5808,https://www.jumia.com.tn/smartphones//tecno-spark-5-air-ecran-7-pouce-2gb-64gb-5000mah-bleu-garantie-1an-703386.html
Itel,"Itel S18 6.6"" HD+, 64GB /2GB RAM, 5000mAh, - Green Garantie 1 an",379.0,https://tn.jumia.is/unsafe/fit-in/300x300/filters:fill(white)/product/90/2047/1.jpg?0207,https://www.jumia.com.tn/smartphones//itel-s18-6.6-hd-64gb-2gb-ram-5000mah-green-garantie-1-an-740209.html
Huawei,"Huawei Nova 10 SE 6.67"" Full HD+ OLED 90Hz 8GO 256GO - Silver - Garantie 1 an",1499.0,https://tn.jumia.is/unsafe/fit-in/300x300/filters:fill(white)/product/07/5937/1.jpg?6692,https://www.jumia.com.tn/smartphones//huawei-nova-10-se-6.67-full-hd-oled-90hz-8go-256go-silver-garantie-1-an-739570.html
Huawei,Huawei NOVA Y61 - 4Go 128Go - Vert - garantie 1An,699.0,https://tn.jumia.is/unsafe/fit-in/300x300/filters:fill(white)/product/58/3307/1.jpg?5808,https://www.jumia.com.tn/smartphones//huawei-nova-y61-4go-128go-vert-garantie-1an-703385.html
Evertek,Evertek Pokito - Double SIM - Black red,55.0,https://tn.jumia.is/unsafe/fit-in/300x300/filters:fill(white)/product/44/1727/1.jpg?4089,https://www.jumia.com.tn/smartphones//evertek-pokito-double-sim-black-red-727144.html
Samsung,"Samsung A53 5G - 6.5"" - 8Go - 256Go - Black  - Garantie 1 an",2199.0,https://tn.jumia.is/unsafe/fit-in/300x300/filters:fill(white)/product/42/2865/1.jpg?7573,https://www.jumia.com.tn/smartphones//samsung-a53-5g-6.5-8go-256go-black-garantie-1-an-568224.html
Oppo,Oppo Reno 8T 4G - 8Go-256Go- Noir - Garantie 1 an,1349.0,https://tn.jumia.is/unsafe/fit-in/300x300/filters:fill(white)/product/42/8427/1.jpg?6667,https://www.jumia.com.tn/smartphones//oppo-reno-8t-4g-8go-256go-noir-garantie-1-an-724824.html
Oppo,Oppo Reno 8T 4G - 8Go-256Go- Cuir Orange - Garantie 1 an,1349.0,https://tn.jumia.is/unsafe/fit-in/300x300/filters:fill(white)/product/32/8427/1.jpg?6667,https://www.jumia.com.tn/smartphones//oppo-reno-8t-4g-8go-256go-cuir-orange-garantie-1-an-724823.html
XIAOMI,"XIAOMI Redmi A1+ - 6.52"" - 2 Go - 32 Go + Anticasse - Bleu- Garantie 1 an",360.0,https://tn.jumia.is/unsafe/fit-in/300x300/filters:fill(white)/product/05/6776/1.jpg?8347,https://www.jumia.com.tn/smartphones//xiaomi-redmi-a1-6.52-2-go-32-go-anticasse-bleu-garantie-1-an-677650.html
Tecno,Tecno Spark 8 4-64Gb - Turquoise Cyan- Garantie 1 an,483.9,https://tn.jumia.is/unsafe/fit-in/300x300/filters:fill(white)/product/32/0696/1.jpg?0488,https://www.jumia.com.tn/smartphones//tecno-spark-8-4-64gb-turquoise-cyan-garantie-1-an-696023.html
XIAOMI,"XIAOMI Note 12 - 4G -6.67""- 6Go-128Go-Blue- Garantie 1an",779.0,https://tn.jumia.is/unsafe/fit-in/300x300/filters:fill(white)/product/08/0937/1.jpg?1933,https://www.jumia.com.tn/smartphones//xiaomi-note-12-4g-6.67-6go-128go-blue-garantie-1an-739080.html
Samsung,"Samsung A53 5G - 6.5"" - 8Go -128Go - Black  - Garantie 1 an",2099.0,https://tn.jumia.is/unsafe/fit-in/300x300/filters:fill(white)/product/62/2865/1.jpg?7573,https://www.jumia.com.tn/smartphones//a53-5g-6.5-8go-128go-black-garantie-1-an-samsung-mpg31864.html
Logicom,Logicom TÉLÉPHONE PORTABLE - LOGICOM - LE POSH XL - NOIR,125.0,https://tn.jumia.is/unsafe/fit-in/300x300/filters:fill(white)/product/43/3717/1.jpg?3290,https://www.jumia.com.tn/smartphones//logicom-telephone-portable-logicom-le-posh-xl-noir-717334.html
Realme,"Realme C30s - 6.5""-3GB- 64GB- Blue- Garantie 1 An",399.0,https://tn.jumia.is/unsafe/fit-in/300x300/filters:fill(white)/product/86/4247/1.jpg?7426,https://www.jumia.com.tn/smartphones//realme-c30s-6.5-3gb-64gb-blue-garantie-1-an-742468.html
XIAOMI,"XIAOMI Redmi Note 12 Pro 4G - 6.67""- 8G- 128GB - Gray - Garantie 1 an",1299.0,https://tn.jumia.is/unsafe/fit-in/300x300/filters:fill(white)/product/61/9547/1.jpg?4626,https://www.jumia.com.tn/smartphones//xiaomi-redmi-note-12-pro-4g-6.67-8g-128gb-gray-garantie-1-an-745916.html
Samsung,"Samsung Galaxy A04e 6.5"" HD + 7Gb Ram(3+4) + 128GB - Bleu - Garantie 1 an",538.0,https://tn.jumia.is/unsafe/fit-in/300x300/filters:fill(white)/product/85/8827/1.jpg?7988,https://www.jumia.com.tn/smartphones//samsung-galaxy-a04e-6.5-hd-7gb-ram34-128gb-bleu-garantie-1-an-728858.html
Realme,"Realme C30s - 6.5""-3GB- 64GB- Noir- Garantie 1 An",399.0,https://tn.jumia.is/unsafe/fit-in/300x300/filters:fill(white)/product/76/4247/1.jpg?7366,https://www.jumia.com.tn/smartphones//realme-c30s-6.5-3gb-64gb-noir-garantie-1-an-742467.html
Iku,"Iku A7 - 6"" - 2 Go - 16 Go - Gold - Garantie 1 an",279.0,https://tn.jumia.is/unsafe/fit-in/300x300/filters:fill(white)/product/38/3416/1.jpg?3400,https://www.jumia.com.tn/smartphones//iku-a7-6-2-go-16-go-gold-garantie-1-an-614383.html
Oppo,"Oppo A17k 6.56"" 3 - 64 Gb Bleu -5000 mAh - Garantie 1 An",499.0,https://tn.jumia.is/unsafe/fit-in/300x300/filters:fill(white)/product/60/3307/1.jpg?1666,https://www.jumia.com.tn/smartphones//oppo-a17k-6.56-3-64-gb-bleu-5000-mah-garantie-1-an-703306.html
Oukitel,Oukitel WP20 Etanche + Robuste + 6300 mAh 4Go/32Go- Cadeau KIT - NOIR+ORANGE - Garantie 1 an,549.99,https://tn.jumia.is/unsafe/fit-in/300x300/filters:fill(white)/product/17/3266/1.jpg?3159,https://www.jumia.com.tn/smartphones//oukitel-wp20-etanche-robuste-6300-mah-4go32go-cadeau-kit-noirorange-garantie-1-an-662371.html
Oukitel,Oukitel WP20 Etanche + Robuste + 6300 mAh 4Go/32Go- Cadeau KIT - NOIR+ORANGE - Garantie 1 an,549.99,https://tn.jumia.is/unsafe/fit-in/300x300/filters:fill(white)/product/17/3266/1.jpg?3159,https://www.jumia.com.tn/smartphones//oukitel-wp20-etanche-robuste-6300-mah-4go32go-cadeau-kit-noirorange-garantie-1-an-662371.html
XIAOMI,XIAOMI Smartphone Redmi Note 11 - 6 GO - 128 GO - Gris Graphite,839.0,https://tn.jumia.is/unsafe/fit-in/300x300/filters:fill(white)/product/85/1337/1.jpg?0229,https://www.jumia.com.tn/smartphones//xiaomi-smartphone-redmi-note-11-6-go-128-go-gris-graphite-733158.html
Tecno,Tecno Spark 8 4GO / 64GO,559.0,https://tn.jumia.is/unsafe/fit-in/300x300/filters:fill(white)/product/36/1447/1.jpg?9866,https://www.jumia.com.tn/smartphones//tecno-spark-8-4go-64go-744163.html
Huawei,"Huawei Nova 10 SE - 6.6"" - 8 Go - 256 GB - Black - 1 an Garantie",1599.0,https://tn.jumia.is/unsafe/fit-in/300x300/filters:fill(white)/product/27/0147/1.jpg?5327,https://www.jumia.com.tn/smartphones//huawei-nova-10-se-6.6-8-go-256-gb-black-1-an-garantie-741072.html
Itel,Itel a18  3G+-Dual SIM -5MP -32GB -1GB RAM -blue-Garantie1 an,199.0,https://tn.jumia.is/unsafe/fit-in/300x300/filters:fill(white)/product/94/0147/1.jpg?4067,https://www.jumia.com.tn/smartphones//itel-a18-3g-dual-sim-5mp-32gb-1gb-ram-blue-garantie1-an-741049.html
Samsung,"Samsung Galaxy A14 - 6.6"" - 6Go -128Go - Noir- Garantie 1 an",819.0,https://tn.jumia.is/unsafe/fit-in/300x300/filters:fill(white)/product/67/7727/1.jpg?5730,https://www.jumia.com.tn/smartphones//samsung-galaxy-a14-6.6-6go-128go-noir-garantie-1-an-727776.html
Samsung,"Samsung A14 - 6.6"" - 4 Go - 128 GB - Black - 1an garantie",849.0,https://tn.jumia.is/unsafe/fit-in/300x300/filters:fill(white)/product/91/8727/1.jpg?6389,https://www.jumia.com.tn/smartphones//samsung-a14-6.6-4-go-128-gb-black-1an-garantie-727819.html
Huawei,Huawei Smartphone Nova Y61 4Go / 64Go,799.0,https://tn.jumia.is/unsafe/fit-in/300x300/filters:fill(white)/product/03/5347/1.jpg?9947,https://www.jumia.com.tn/smartphones//huawei-smartphone-nova-y61-4go-64go-743530.html
Oppo,"Oppo A16k - 6.52"" - 3Go - 32Go - Noir - Garantie 1 an",449.0,https://tn.jumia.is/unsafe/fit-in/300x300/filters:fill(white)/product/11/9937/1.jpg?7507,https://www.jumia.com.tn/smartphones//oppo-a16k-6.52-3go-32go-noir-garantie-1-an-739911.html
Techno,Techno Spark 8 4-64Gb - Atlantic Blue - Garantie 1 an + Support lazy 360 °,479.0,https://tn.jumia.is/unsafe/fit-in/300x300/filters:fill(white)/product/71/4807/1.jpg?8966,https://www.jumia.com.tn/smartphones//techno-spark-8-4-64gb-atlantic-blue-garantie-1-an-support-lazy-360-708417.html
XIAOMI,"XIAOMI Redmi Note 12s - 6,43"" 90hz- 8 Go -256 Go -Onyx Black- Garantie 1 an",1019.0,https://tn.jumia.is/unsafe/fit-in/300x300/filters:fill(white)/product/56/2347/1.jpg?3550,https://www.jumia.com.tn/smartphones//xiaomi-redmi-note-12s-643-90hz-8-go-256-go-onyx-black-garantie-1-an-743265.html
XIAOMI,"XIAOMI Note 11 Pro - 6,67"" - 108 mégapixel -8Go-128Go- STAR BLUE -Garantie 1 an",1399.0,https://tn.jumia.is/unsafe/fit-in/300x300/filters:fill(white)/product/83/3565/1.jpg?3508,https://www.jumia.com.tn/smartphones//xiaomi-note-11-pro-667-108-megapixel-8go-128go-star-blue-garantie-1-an-565338.html
Vivo,"Vivo Y02 - 6.51"" - 2 Go - 32 Go - Orchid Blue - Garantie 1 an",389.0,https://tn.jumia.is/unsafe/fit-in/300x300/filters:fill(white)/product/39/2727/1.jpg?7209,https://www.jumia.com.tn/smartphones//vivo-y02-6.51-2-go-32-go-orchid-blue-garantie-1-an-727293.html
Iku,"Iku A11 - 6.5"" - 2 Go - 32 Go - Rouge - Garantie 1 an",329.0,https://tn.jumia.is/unsafe/fit-in/300x300/filters:fill(white)/product/10/4366/1.jpg?2267,https://www.jumia.com.tn/smartphones//iku-a11-6.5-2-go-32-go-rouge-garantie-1-an-663401.html
One Plus,"One Plus Nord CE 5G - 6.43"" - 12Go - 256 Go - Charcoal Ink - Garantie 1 an",1499.0,https://tn.jumia.is/unsafe/fit-in/300x300/filters:fill(white)/product/46/4996/1.jpg?4746,https://www.jumia.com.tn/smartphones//one-plus-nord-ce-5g-6.43-12go-256-go-charcoal-ink-garantie-1-an-699464.html
Samsung,"Samsung Galaxy A04 6,5"" 4-64 Go - COPPER - Garantie 1 an",579.99,https://tn.jumia.is/unsafe/fit-in/300x300/filters:fill(white)/product/82/0796/1.jpg?1046,https://www.jumia.com.tn/smartphones//samsung-galaxy-a04-65-4-64-go-copper-garantie-1-an-697028.html
Infinix,"Infinix Hot 20 - 6.82"" - 4GB - 128GB - Tembo Bleu - 1an Garantie",629.0,https://tn.jumia.is/unsafe/fit-in/300x300/filters:fill(white)/product/04/9907/1.jpg?3625,https://www.jumia.com.tn/smartphones//infinix-hot-20-6.82-4gb-128gb-tembo-bleu-1an-garantie-709940.html
Samsung,"Samsung Galaxy A13 - 6.5"" - 4 Go - 128 Go - Black  - Garantie 1 an",839.99,https://tn.jumia.is/unsafe/fit-in/300x300/filters:fill(white)/product/88/1236/1.jpg?2905,https://www.jumia.com.tn/smartphones//samsung-galaxy-a13-6.5-4-go-128-go-black-garantie-1-an-632188.html
Samsung,"Samsung A54 - 6.4"" - 8Go -128GB - Awesome Graphite - 1an Garantie",1999.0,https://tn.jumia.is/unsafe/fit-in/300x300/filters:fill(white)/product/54/0147/1.jpg?3767,https://www.jumia.com.tn/smartphones//samsung-a54-6.4-8go-128gb-awesome-graphite-1an-garantie-741045.html
Oukitel,Oukitel WP20 Etanche + Robuste + 6300 mAh 4Go/32Go- Cadeau KIT - NOIR - Garantie 1 an,549.99,https://tn.jumia.is/unsafe/fit-in/300x300/filters:fill(white)/product/96/3266/1.jpg?3173,https://www.jumia.com.tn/smartphones//oukitel-wp20-etanche-robuste-6300-mah-4go32go-cadeau-kit-noir-garantie-1-an-662369.html
Oppo,Oppo A77  4Gb / 128gb - 33W charge - Black- Garantie 1An,778.0,https://tn.jumia.is/unsafe/fit-in/300x300/filters:fill(white)/product/56/5037/1.jpg?0951,https://www.jumia.com.tn/smartphones//oppo-a77-4gb-128gb-33w-charge-black-garantie-1an-730565.html
Infinix,"Infinix Hot 11 - 6.6"" - 4 Go - 128 Go et Pochette + Anticasse - Polar Black - Garantie 1 an",639.0,https://tn.jumia.is/unsafe/fit-in/300x300/filters:fill(white)/product/62/6896/1.jpg?2746,https://www.jumia.com.tn/smartphones//infinix-hot-11-6.6-4-go-128-go-et-pochette-anticasse-polar-black-garantie-1-an-698626.html
Samsung,"Samsung Galaxy A04E -6.5"" 3GB - 32GB - Bleu- 1AN GARANTIE",569.0,https://tn.jumia.is/unsafe/fit-in/300x300/filters:fill(white)/product/39/5807/1.jpg?1887,https://www.jumia.com.tn/smartphones//samsung-galaxy-a04e-6.5-3gb-32gb-bleu-1an-garantie-708593.html
Oppo,"Oppo A17 - 6.56"" - 4Go - 64 Gb - Lake Bleu - 5000 mAh - Garantie 1 An",599.0,https://tn.jumia.is/unsafe/fit-in/300x300/filters:fill(white)/product/98/0586/1.jpg?2049,https://www.jumia.com.tn/smartphones//oppo-a17-6.56-4go-64-gb-lake-bleu-5000-mah-garantie-1-an-685089.html
Samsung,"Samsung Galaxy A14 - 6.6"" - 4Go -128Go - Noir- Garantie 1 an",739.0,https://tn.jumia.is/unsafe/fit-in/300x300/filters:fill(white)/product/47/7727/1.jpg?5730,https://www.jumia.com.tn/smartphones//samsung-galaxy-a14-6.6-4go-128go-noir-garantie-1-an-727774.html
Iku,"Iku A23 - 6.1""- 4G - 2 Go - 32 Go - Bleu - Garantie 1 an + Support lazy 360 °",339.0,https://tn.jumia.is/unsafe/fit-in/300x300/filters:fill(white)/product/15/7307/1.jpg?7287,https://www.jumia.com.tn/smartphones//iku-a23-6.1-4g-2-go-32-go-bleu-garantie-1-an-support-lazy-360-703751.html
Nokia,"Nokia C12 - 6.3"" - 2+2G - 64GB - Black - 1an garantie",379.0,https://tn.jumia.is/unsafe/fit-in/300x300/filters:fill(white)/product/51/8727/1.jpg?6389,https://www.jumia.com.tn/smartphones//nokia-c12-6.3-22g-64gb-black-1an-garantie-727815.html
XIAOMI,"XIAOMI Note 11 Pro - 6,67""- 8 Go - 128 Go - Polar White - Garantie 1 an",1399.0,https://tn.jumia.is/unsafe/fit-in/300x300/filters:fill(white)/product/70/5696/1.jpg?4713,https://www.jumia.com.tn/smartphones//xiaomi-note-11-pro-667-8-go-128-go-polar-white-garantie-1-an-696507.html
Oukitel,"Oukitel WP20 -Etanche+Robuste -5.93"" -4 Go-32 Go + Cadeau Kit+Glass+MicroSD 32GB- Noir-Gris  - Garantie 1 An",559.99,https://tn.jumia.is/unsafe/fit-in/300x300/filters:fill(white)/product/69/2807/1.jpg?1651,https://www.jumia.com.tn/smartphones//oukitel-wp20-etancherobuste-5.93-4-go-32-go-cadeau-kitglassmicrosd-32gb-noir-gris-garantie-1-an-708296.html
Oppo,"Oppo A77S - 6.56"" Snapdragon 680 - 8Go -128Go - Bleu - Garantie 1an",959.9,https://tn.jumia.is/unsafe/fit-in/300x300/filters:fill(white)/product/44/0007/1.jpg?7886,https://www.jumia.com.tn/smartphones//oppo-a77s-6.56-snapdragon-680-8go-128go-bleu-garantie-1an-700044.html
Oukitel,"Oukitel WP20 -Etanche+Robuste -5.93"" -4 Go-32 Go +Cadeau Kit+Glass+MicroSd 32GB- Noir+Vert - Garantie 1 An",559.99,https://tn.jumia.is/unsafe/fit-in/300x300/filters:fill(white)/product/59/2807/1.jpg?1648,https://www.jumia.com.tn/smartphones//oukitel-wp20-etancherobuste-5.93-4-go-32-go-cadeau-kitglassmicrosd-32gb-noirvert-garantie-1-an-708295.html
Oukitel,"Oukitel WP20 - Etanche + Robuste - 5.93"" -4 Go-32 Go -6300 Mah + Buds 3Lite - Noir+Vert - Garantie 1 An",599.99,https://tn.jumia.is/unsafe/fit-in/300x300/filters:fill(white)/product/82/3286/1.jpg?7705,https://www.jumia.com.tn/smartphones//oukitel-wp20-etanche-robuste-5.93-4-go-32-go-6300-mah-buds-3lite-noirvert-garantie-1-an-682328.html
Infinix,"Infinix Smart 7 - 6.6"" - 4+3 Go - 64 GB - Coastal Green - 1 an Garantie",449.0,https://tn.jumia.is/unsafe/fit-in/300x300/filters:fill(white)/product/93/9927/1.jpg?4871,https://www.jumia.com.tn/smartphones//infinix-smart-7-6.6-43-go-64-gb-coastal-green-1-an-garantie-729939.html
Oppo,Oppo A77 - 4Gb Ram + 128gb - 33W charge - 50Mp - Blue- Garantie 1An,777.0,https://tn.jumia.is/unsafe/fit-in/300x300/filters:fill(white)/product/63/9447/1.jpg?8247,https://www.jumia.com.tn/smartphones//oppo-a77-4gb-ram-128gb-33w-charge-50mp-blue-garantie-1an-744936.html
Oppo,"Oppo A17 - 6.56"" - 4 Go - 64 Go - Noir- Garantie 1 an",589.0,https://tn.jumia.is/unsafe/fit-in/300x300/filters:fill(white)/product/48/2086/1.jpg?9708,https://www.jumia.com.tn/smartphones//oppo-a17-6.56-4-go-64-go-noir-garantie-1-an-680284.html
Samsung,"Samsung Tablette - Galaxy TAB A7 LITE 8.7"" - 3 Go - 32 Go - Gray - Garantie 1 An",699.0,https://tn.jumia.is/unsafe/fit-in/300x300/filters:fill(white)/product/08/0515/1.jpg?6573,https://www.jumia.com.tn/smartphones//samsung-tablette-galaxy-tab-a7-lite-8.7-3-go-32-go-gray-garantie-1-an-515080.html
Oukitel,"Oukitel WP20 - Etanche + Robuste - 5.93"" -4 Go-32 Go -6300 Mah  + Buds 3Lite - Noir+Orange- Garantie 1 An",599.99,https://tn.jumia.is/unsafe/fit-in/300x300/filters:fill(white)/product/58/7117/1.jpg?4251,https://www.jumia.com.tn/smartphones//oukitel-wp20-etanche-robuste-5.93-4-go-32-go-6300-mah-buds-3lite-noirorange-garantie-1-an-711785.html
Samsung,"Samsung Galaxy A04 - 6.5"" - 4 GB - 64 GB - Blanc -1An Garantie",669.0,https://tn.jumia.is/unsafe/fit-in/300x300/filters:fill(white)/product/31/8807/1.jpg?6908,https://www.jumia.com.tn/smartphones//samsung-galaxy-a04-6.5-4-gb-64-gb-blanc-1an-garantie-708813.html
Samsung,"Samsung A14 - 6.6"" - 4 Go - 64 GB - Silver - 1an garantie",799.0,https://tn.jumia.is/unsafe/fit-in/300x300/filters:fill(white)/product/61/8727/1.jpg?6389,https://www.jumia.com.tn/smartphones//samsung-a14-6.6-4-go-64-gb-silver-1an-garantie-727816.html
Oukitel,"Oukitel WP20 - Etanche + Robuste - 5.93"" -4 Go-32 Go -6300 Mah +SMART WATCH - Noir+Vert - Garantie 1 An",599.99,https://tn.jumia.is/unsafe/fit-in/300x300/filters:fill(white)/product/29/5217/1.jpg?3331,https://www.jumia.com.tn/smartphones//oukitel-wp20-etanche-robuste-5.93-4-go-32-go-6300-mah-smart-watch-noirvert-garantie-1-an-712592.html
